SAMPLE;SPECIES_NAME_PRINT;FAMILY;SUBFAMILY;SUPERTRIBE;TRIBE;GENUS;SPECIES;DATASET;powo_identifier;gbif_identifier;WCVP_continent;WCVP_geographic_area;WCVP_lifeform_description;WCVP_climate_description;GROWTH_FORM;SOCIETAL_USE;COMMON_NAME;DUTCH_NAME;GENUS_TYPE
8000070;Arabis scabra;Brassicaceae;Brassicoideae;Arabodae (IV);Arabideae;Arabis;scabra;Heidelberg/Marcus Koch;278599-1;5374852;EUROPE;W. Europe to SW. Alps;perennial;temperate;H;NA;NA;NA;NA
8008999;Arabis blepharophylla;Brassicaceae;Brassicoideae;Arabodae (IV);Arabideae;Arabis;blepharophylla;Heidelberg/Marcus Koch;278047-1;5374908;NORTHERN AMERICA;California;perennial;temperate;H;ornamental;Coast rock cress;'Rijstebrei scheefkelk';NA
8009952;Pseudodraba hystrix;Brassicaceae;Brassicoideae;Arabodae (IV);Arabideae;Pseudodraba;hystrix;Heidelberg/Marcus Koch;77111176-1;8314831;ASIA-TEMPERATE;Afghanistan to W. Pakistan;subshrub;temperate;H;NA;NA;NA;Y
CRNC;Limnanthes douglasii;Limnanthaceae;NA;NA;NA;NA;NA;Kew/PAFTOL;NA;NA;NA;NA;NA;NA;NA;NA;NA;NA;NA
ERR2789774;Ballantinia pumilio;Brassicaceae;Brassicoideae;Camelinodae (I);Microlepidieae;Ballantinia;pumilio;GAP phylogenomics;77142844-1;10748539;AUSTRALASIA;W. & WC. Victoria, C. & N. Tasmania;annual;subtropical;H;NA;NA;NA;Y
ERR4210213;Schimpera arabica;Brassicaceae;Brassicoideae;Brassicodae (II);Isatideae;Schimpera;arabica;GAP phylogenomics;288837-1;3050640;AFRICA;E. Medit. to W. & S. Iran and Arabian Pen.;annual;desert or dry shrubland;H;NA;NA;NA;Y
HYZL;Akania bidwillii;Akaniaceae;NA;NA;NA;NA;NA;Kew/PAFTOL;NA;NA;NA;NA;NA;NA;NA;NA;NA;NA;NA
MYZV;Tropaeolum peregrinum;Tropaeolaceae;NA;NA;NA;NA;NA;Kew/PAFTOL;NA;NA;NA;NA;NA;NA;NA;NA;NA;NA;NA
PAFTOL_005410;Koeberlinia spinosa;Koeberliniaceae;NA;NA;NA;NA;NA;Kew/PAFTOL;NA;NA;NA;NA;NA;NA;NA;NA;NA;NA;NA
PAFTOL_005411;Batis maritima;Bataceae;NA;NA;NA;NA;NA;Kew/PAFTOL;NA;NA;NA;NA;NA;NA;NA;NA;NA;NA;NA
PAFTOL_008053;Tiganophyton karense;Tiganophytaceae;NA;NA;NA;NA;NA;Kew/PAFTOL;NA;NA;NA;NA;NA;NA;NA;NA;NA;NA;NA
PAFTOL_014331;Macrohasseltia macroterantha;Malvaceae;NA;NA;NA;NA;NA;Kew/PAFTOL;NA;NA;NA;NA;NA;NA;NA;NA;NA;NA;NA
PAFTOL_019361;Cleome albescens;Cleomaceae;NA;NA;NA;NA;NA;Kew/PAFTOL;NA;NA;NA;NA;NA;NA;NA;NA;NA;NA;NA
PAFTOL_019459;Vasconcellea quercifolia;Caricaceae;NA;NA;NA;NA;NA;Kew/PAFTOL;NA;NA;NA;NA;NA;NA;NA;NA;NA;NA;NA
PAFTOL_023477;Moringa oleifera;Moringaceae;NA;NA;NA;NA;NA;Kew/PAFTOL;NA;NA;NA;NA;NA;NA;NA;NA;NA;NA;NA
PAFTOL_023503;Salvadora persica;Salvadoraceae;NA;NA;NA;NA;NA;Kew/PAFTOL;NA;NA;NA;NA;NA;NA;NA;NA;NA;NA;NA
PAFTOL_023511;Setchellanthus caeruleus;Setchellanthaceae;NA;NA;NA;NA;NA;Kew/PAFTOL;NA;NA;NA;NA;NA;NA;NA;NA;NA;NA;NA
PAFTOL_023513;Tovaria pendula;Tovariaceae;NA;NA;NA;NA;NA;Kew/PAFTOL;NA;NA;NA;NA;NA;NA;NA;NA;NA;NA;NA
PAFTOL_023515;Forchhammeria pallida;Resedaceae;NA;NA;NA;NA;NA;Kew/PAFTOL;NA;NA;NA;NA;NA;NA;NA;NA;NA;NA;NA
PAFTOL_023519;Tersonia cyathiflora;Gyrostemonaceae;NA;NA;NA;NA;NA;Kew/PAFTOL;NA;NA;NA;NA;NA;NA;NA;NA;NA;NA;NA
S_670;Sandbergia whitedii;Brassicaceae;Brassicoideae;Camelinodae (I);Boechereae;Sandbergia;whitedii;Boechereae/Nik Hay;288826-1;3051208;NORTHERN AMERICA;S. British Columbia to N. Washington;perennial;temperate;H;NA;NA;NA;Y
S0055;Erysimum cheiranthoides;Brassicaceae;Brassicoideae;Camelinodae (I);Erysimeae;Erysimum;cheiranthoides;BrassiWood/Kasper Hendriks;307231-2;3048266;EUROPE;Europe to N. Japan;annual;temperate;H;NA;NA;Gewone steenraket;Y
S0156;Cithareloma lehmannii;Brassicaceae;Brassicoideae;Heliophilodae (V);Anastaticeae;Cithareloma;lehmannii;BrassiWood/Kasper Hendriks;281291-1;3045618;ASIA-TEMPERATE;C. Asia to W. Pakistan;annual;temperate;H;NA;NA;NA;Y
S0196;Arcyosperma primulifolium;Brassicaceae;Brassicoideae;Arabodae (IV);Arabideae;Arcyosperma;primulifolium;BrassiWood/Kasper Hendriks;278733-1;3041063;ASIA-TROPICAL;N. Pakistan to Bhutan;perennial;subalpine or subarctic;H;NA;NA;NA;Y
S0268;Phoenicaulis cheiranthoides;Brassicaceae;Brassicoideae;Camelinodae (I);Boechereae;Phoenicaulis;cheiranthoides;BrassiWood/Kasper Hendriks;288099-1;3049300;NORTHERN AMERICA;W. U.S.A.;subshrub;temperate;H;NA;NA;NA;Y
S0275;Synthlipsis greggii;Brassicaceae;Brassicoideae;Camelinodae (I);Physarieae;Synthlipsis;greggii;BrassiWood/Kasper Hendriks;290269-1;5373318;NORTHERN AMERICA;Texas to NE. Mexico;annual, biennial or perennial;desert or dry shrubland;H;NA;NA;NA;Y
S0277;Aschersoniodoxa mandoniana;Brassicaceae;Brassicoideae;Heliophilodae (V);Eudemeae;Aschersoniodoxa;mandoniana;BrassiWood/Kasper Hendriks;21131-2;3040885;SOUTHERN AMERICA;Bolivia (La Paz);perennial or subshrub;montane tropical;H;NA;NA;NA;Y
S0278;Catenulina hedysaroides;Brassicaceae;Brassicoideae;Hesperodae (III);Euclidieae;Catenulina;hedysaroides;BrassiWood/Kasper Hendriks;280838-1;3046619;ASIA-TEMPERATE;C. Asia;NA;temperate;H;NA;NA;NA;Y
S0279;Athysanus pusillus;Brassicaceae;Brassicoideae;Arabodae (IV);Arabideae;Athysanus;pusillus;BrassiWood/Kasper Hendriks;278766-1;5373588;NORTHERN AMERICA;W. Canada to Mexico (Baja California);annual;temperate;H;NA;common sandweed, sandweed;NA;Y
S0280;Glastaria glastifolia;Brassicaceae;Brassicoideae;Brassicodae (II);Isatideae;Glastaria;glastifolia;BrassiWood/Kasper Hendriks;284500-1;3044720;ASIA-TEMPERATE;E. Türkiye to N. Iraq and Jordan;annual;temperate;H;NA;NA;NA;Y
S0281;Aubrieta deltoidea;Brassicaceae;Brassicoideae;Arabodae (IV);Arabideae;Aubrieta;deltoidea;BrassiWood/Kasper Hendriks;1055027-2;3054117;EUROPE;Sicilia, C. Greece to W. Kriti and W. Türkiye;subshrub;temperate;H;ornamental;garden aubrieta, lilacbush;Aubrietia;Y
S0282;Anelsonia eurycarpa;Brassicaceae;Brassicoideae;Camelinodae (I);Boechereae;Anelsonia;eurycarpa;BrassiWood/Kasper Hendriks;13222-2;3048698;NORTHERN AMERICA;WC. U.S.A.;subshrub;subalpine or subarctic;H;NA;NA;NA;Y
S0283;Aphragmus obscurus;Brassicaceae;Brassicoideae;Brassicodae (II);Aphragmeae;Aphragmus;obscurus;BrassiWood/Kasper Hendriks;277922-1;5375162;ASIA-TROPICAL;NE. Pakistan to W. Himalaya;perennial;temperate;H;NA;NA;NA;NA
S0284;Ionopsidium acaule;Brassicaceae;Brassicoideae;Unplaced;Cochlearieae;Ionopsidium;acaule;BrassiWood/Kasper Hendriks;285701-1;3040944;EUROPE;W. & SW. Portugal, Morocco;annual;temperate;H;NA;false diamondflower;NA;Y
S0285;Carinavalva glauca;Brassicaceae;Brassicoideae;Camelinodae (I);Microlepidieae;Carinavalva;glauca;BrassiWood/Kasper Hendriks;280802-1;3047268;AUSTRALASIA;C. South of Australia;annual;desert or dry shrubland;H;NA;NA;NA;Y
S0286;Chlorocrambe hastata;Brassicaceae;Brassicoideae;Brassicodae (II);Thelypodieae;Chlorocrambe;hastata;BrassiWood/Kasper Hendriks;56940-2;3043203;NORTHERN AMERICA;Oregon to Utah;perennial;temperate;H;NA;NA;NA;Y
S0288;Clastopus vestitus;Brassicaceae;Brassicoideae;Arabodae (IV);Alysseae;Clastopus;vestitus;BrassiWood/Kasper Hendriks;281298-1;5375154;ASIA-TEMPERATE;Iran;subshrub;subalpine or subarctic;H;NA;NA;NA;Y
S0289;Rudolf-kamelinia korolkowii;Brassicaceae;Brassicoideae;Hesperodae (III);Euclidieae;Rudolf-kamelinia;korolkowii;BrassiWood/Kasper Hendriks;77160338-1;10886361;ASIA-TEMPERATE;Afghanistan to Mongolia and China (Gansu);annual, biennial or perennial;temperate;H;NA;NA;NA;Y
S0292;Parlatoria cakiloidea;Brassicaceae;Brassicoideae;Brassicodae (II);Thlaspideae;Parlatoria;cakiloidea;BrassiWood/Kasper Hendriks;287934-1;5373231;ASIA-TEMPERATE;SE. Türkiye to W. Iran;annual;temperate;H;NA;NA;NA;Y
S0293;Cusickiella douglasii;Brassicaceae;Brassicoideae;Camelinodae (I);Boechereae;Cusickiella;douglasii;BrassiWood/Kasper Hendriks;275474-2;3042109;NORTHERN AMERICA;W. U.S.A.;perennial or subshrub;temperate;H;NA;NA;NA;Y
S0294;Dimorphocarpa wislizenii;Brassicaceae;Brassicoideae;Camelinodae (I);Physarieae;Dimorphocarpa;wislizenii;BrassiWood/Kasper Hendriks;1154622-2;3047653;NORTHERN AMERICA;WC. & SC. U.S.A. to N. Mexico;annual;subtropical;H;NA;NA;NA;Y
S0297;Horwoodia dicksoniae;Brassicaceae;Brassicoideae;Brassicodae (II);Brassiceae;Horwoodia;dicksoniae;BrassiWood/Kasper Hendriks;285377-1;3050777;ASIA-TEMPERATE;Iraq to Arabian Pen.;annual;desert or dry shrubland;H;NA;NA;NA;Y
S0298;Iodanthus pinnatifidus;Brassicaceae;Brassicoideae;Camelinodae (I);Cardamineae;Iodanthus;pinnatifidus;BrassiWood/Kasper Hendriks;285696-1;3053966;NORTHERN AMERICA;C. & E. U.S.A.;perennial;temperate;H;NA;NA;NA;Y
S0299;Leptaleum filifolium;Brassicaceae;Brassicoideae;Hesperodae (III);Euclidieae;Leptaleum;filifolium;BrassiWood/Kasper Hendriks;286476-1;3041202;EUROPE;European Russia to Xinjiang and Pakistan, Arabian Pen.;annual;temperate;H;NA;NA;NA;Y
S0300;Lyrocarpa coulteri;Brassicaceae;Brassicoideae;Camelinodae (I);Physarieae;Lyrocarpa;coulteri;BrassiWood/Kasper Hendriks;286689-1;3040711;NORTHERN AMERICA;California to Arizona and NW. Mexico;subshrub;desert or dry shrubland;W;NA;NA;NA;Y
S0301;Polyctenium fremontii;Brassicaceae;Brassicoideae;Camelinodae (I);Boechereae;Polyctenium;fremontii;BrassiWood/Kasper Hendriks;205326-2;3047184;NORTHERN AMERICA;W. U.S.A.;subshrub;temperate;H;NA;NA;NA;Y
S0303;Alyssoides utriculata;Brassicaceae;Brassicoideae;Arabodae (IV);Alysseae;Alyssoides;utriculata;BrassiWood/Kasper Hendriks;1057074-2;3050529;EUROPE;WC. & SW. Alps, Appennini, Balkan Pen. to N. Türkiye and W. Caucasus;subshrub;temperate;H;NA;NA;NA;Y
S0305;Ammosperma cinereum;Brassicaceae;Brassicoideae;Brassicodae (II);Brassiceae;Ammosperma;cinereum;BrassiWood/Kasper Hendriks;277874-1;7501345;AFRICA;N. Africa;NA;subtropical;H;NA;NA;NA;Y
S0306;Blennodia canescens;Brassicaceae;Brassicoideae;Camelinodae (I);Microlepidieae;Blennodia;canescens;BrassiWood/Kasper Hendriks;279150-1;3051343;AUSTRALASIA;C. & E. Australia;annual;desert or dry shrubland;H;NA;NA;NA;Y
S0308;Bornmuellera tymphaea;Brassicaceae;Brassicoideae;Arabodae (IV);Alysseae;Bornmuellera;tymphaea;BrassiWood/Kasper Hendriks;279180-1;3047125;EUROPE;NC. Greece;subshrub;temperate;W;NA;NA;NA;Y
S0312;Calepina irregularis;Brassicaceae;Brassicoideae;Brassicodae (II);Calepineae;Calepina;irregularis;BrassiWood/Kasper Hendriks;279822-1;3048782;EUROPE;Europe, Medit to Iran;annual or biennial;temperate;H;NA;NA;Kalkraket;Y
S0315;Didesmus aegyptius;Brassicaceae;Brassicoideae;Brassicodae (II);Brassiceae;Didesmus;aegyptius;BrassiWood/Kasper Hendriks;282112-1;5375148;EUROPE;E. Medit.;annual;subtropical;H;NA;NA;NA;Y
S0316;Dielsiocharis kotschyi;Brassicaceae;Brassicoideae;Camelinodae (I);Alyssopsideae;Dielsiocharis;kotschyi;BrassiWood/Kasper Hendriks;282123-1;3047275;ASIA-TEMPERATE;S. Turkmenistan to Iran;subshrub;temperate;H;NA;NA;NA;Y
S0317;Erucastrum gallicum;Brassicaceae;Brassicoideae;Brassicodae (II);Brassiceae;Erucastrum;gallicum;BrassiWood/Kasper Hendriks;283486-1;5375547;EUROPE;W. & C. Europe;annual or perennial;temperate;H;NA;bracted rocket, common dog mustard, dog mustard, French rocket;Schijnraket;NA
S0320;Euclidium syriacum;Brassicaceae;Brassicoideae;Hesperodae (III);Euclidieae;Euclidium;syriacum;BrassiWood/Kasper Hendriks;284272-1;3049314;EUROPE;SE. Europe to India;annual;subtropical;H;NA;Syrian mustard;NA;Y
S0322;Fibigia clypeata;Brassicaceae;Brassicoideae;Arabodae (IV);Alysseae;Fibigia;clypeata;BrassiWood/Kasper Hendriks;284456-1;3051652;EUROPE;E. Medit. to W. Asia;perennial;subtropical;H;NA;NA;NA;Y
S0323;Guiraoa arvensis;Brassicaceae;Brassicoideae;Brassicodae (II);Brassiceae;Guiraoa;arvensis;BrassiWood/Kasper Hendriks;284545-1;3044695;EUROPE;E. & SE. Spain;annual;subtropical;H;NA;NA;Herik;Y
S0326;Kremeriella cordylocarpus;Brassicaceae;Brassicoideae;Brassicodae (II);Brassiceae;Kremeriella;cordylocarpus;BrassiWood/Kasper Hendriks;285966-1;3047141;AFRICA;NW. Africa;NA;subtropical;H;NA;NA;NA;Y
S0327;Lachnoloma lehmannii;Brassicaceae;Brassicoideae;Hesperodae (III);Euclidieae;Lachnoloma;lehmannii;BrassiWood/Kasper Hendriks;285968-1;3047248;ASIA-TEMPERATE;NE. Iran to Xinjiang;annual;temperate;H;NA;NA;NA;Y
S0329;Megadenia pygmaea;Brassicaceae;Brassicoideae;Heliophilodae (V);Biscutelleae;Megadenia;pygmaea;BrassiWood/Kasper Hendriks;287012-1;3051311;ASIA-TEMPERATE;S. Siberia to W. & C. China, S. Russian Far East;annual;subalpine or subarctic;H;NA;NA;NA;Y
S0331;Morisia monanthos;Brassicaceae;Brassicoideae;Brassicodae (II);Brassiceae;Morisia;monanthos;BrassiWood/Kasper Hendriks;287179-1;5375716;EUROPE;Corse, Sardegna;perennial;temperate;H;NA;NA;NA;Y
S0335;Myagrum perfoliatum;Brassicaceae;Brassicoideae;Brassicodae (II);Isatideae;Myagrum;perfoliatum;BrassiWood/Kasper Hendriks;287244-1;3047811;EUROPE;Europe to Iran;annual;temperate;H;NA;mitrecress;Myagrum;Y
S0345;Sisymbrium burchellii;Brassicaceae;Brassicoideae;Brassicodae (II);Sisymbrieae;Sisymbrium;burchellii;BrassiWood/Kasper Hendriks;289226-1;3046869;AFRICA;S. Africa;perennial;desert or dry shrubland;H;NA;NA;NA;NA
S0346;Romanschulzia arabiformis;Brassicaceae;Brassicoideae;Brassicodae (II);Thelypodieae;Romanschulzia;arabiformis;BrassiWood/Kasper Hendriks;221817-2;3053669;NORTHERN AMERICA;Mexico;annual or perennial;temperate;H;NA;NA;NA;Y
S0355;Lutzia cretica;Brassicaceae;Brassicoideae;Arabodae (IV);Alysseae;Lutzia;cretica;BrassiWood/Kasper Hendriks;912766-1;5376052;EUROPE;Greece (Astypalia), Kriti (incl. K√°rpathos), E. Aegean Is. (Rodos);subshrub;subtropical;W;NA;NA;NA;Y
S0371;Vella pseudocytisus;Brassicaceae;Brassicoideae;Brassicodae (II);Brassiceae;Vella;pseudocytisus;BrassiWood/Kasper Hendriks;290995-1;5375673;EUROPE;C. Spain;subshrub or shrub;temperate;W;NA;NA;NA;Y
S0373;Succowia balearica;Brassicaceae;Brassicoideae;Brassicodae (II);Brassiceae;Succowia;balearica;BrassiWood/Kasper Hendriks;1104224-2;3040899;EUROPE;Canary Is., W. & C. Medit.;annual;subtropical;H;NA;NA;NA;Y
S0376;Sisymbrella aspera;Brassicaceae;Brassicoideae;Camelinodae (I);Cardamineae;Sisymbrella;aspera;BrassiWood/Kasper Hendriks;1028647-2;3047402;EUROPE;France to Iberian Pen., Morocco;annual;temperate;H;NA;NA;NA;Y
S0377;Sinapidendron frutescens;Brassicaceae;Brassicoideae;Brassicodae (II);Brassiceae;Sinapidendron;frutescens;BrassiWood/Kasper Hendriks;288941-1;3047763;AFRICA;Madeira;subshrub;subtropical;W;NA;NA;NA;Y
S0380;Psychine stylosa;Brassicaceae;Brassicoideae;Brassicodae (II);Brassiceae;Psychine;stylosa;BrassiWood/Kasper Hendriks;288248-1;3042183;AFRICA;NW. Africa;NA;subtropical;H;NA;NA;NA;Y
S0381;Pseudovesicaria digitata;Brassicaceae;Brassicoideae;Brassicodae (II);Thlaspideae;Pseudovesicaria;digitata;BrassiWood/Kasper Hendriks;288235-1;3042391;EUROPE;NW. Balkan Pen., Caucasus;NA;subalpine or subarctic;H;NA;NA;NA;Y
S0383;Physaria didymocarpa;Brassicaceae;Brassicoideae;Camelinodae (I);Physarieae;Physaria;didymocarpa;BrassiWood/Kasper Hendriks;30186061-2;3049104;NORTHERN AMERICA;W. Canada to NW. U.S.A.;perennial;temperate;H;NA;common twinpod, double twinpod;NA;Y
S0384;Peltariopsis planisiliqua;Brassicaceae;Brassicoideae;Brassicodae (II);Thlaspideae;Peltariopsis;planisiliqua;BrassiWood/Kasper Hendriks;288057-1;3051703;ASIA-TEMPERATE;SE. Türkiye to NW. Iran;annual or perennial;temperate;H;NA;NA;NA;Y
S0385;Nasturtiopsis coronopifolia;Brassicaceae;Brassicoideae;Brassicodae (II);Brassiceae;Nasturtiopsis;coronopifolia;BrassiWood/Kasper Hendriks;287291-1;3047752;AFRICA;N. Africa to Israel;NA;subtropical;H;NA;NA;NA;Y
S0400;Nevada holmgrenii;Brassicaceae;Brassicoideae;Camelinodae (I);Boechereae;Nevada;holmgrenii;BrassiWood/Kasper Hendriks;60434934-2;3042124;NORTHERN AMERICA;C. Nevada;subshrub;subalpine or subarctic;H;NA;NA;NA;Y
S0403;Maresia nana;Brassicaceae;Brassicoideae;Heliophilodae (V);Anastaticeae;Maresia;nana;BrassiWood/Kasper Hendriks;286825-1;5377766;EUROPE;Medit. to Afghanistan;annual;subtropical;H;NA;NA;NA;Y
S0405;Mancoa hispida;Brassicaceae;Brassicoideae;Camelinodae (I);Halimolobeae;Mancoa;hispida;BrassiWood/Kasper Hendriks;286806-1;5377828;SOUTHERN AMERICA;Peru to NW. Argentina;perennial;montane tropical;H;NA;NA;NA;Y
S0407;Lepidostemon pedunculosus;Brassicaceae;Brassicoideae;Hesperodae (III);Euclidieae;Lepidostemon;pedunculosus;BrassiWood/Kasper Hendriks;286474-1;5373561;ASIA-TEMPERATE;Sikkim to Tibet;annual;subalpine or subarctic;H;NA;NA;NA;Y
S0412;Ianhedgea minutiflora;Brassicaceae;Brassicoideae;Camelinodae (I);Descurainieae;Ianhedgea;minutiflora;BrassiWood/Kasper Hendriks;1010323-1;3051301;ASIA-TEMPERATE;Iran to C. Asia to Tibet;annual;subalpine or subarctic;H;NA;NA;NA;Y
S0416;Eutrema edwardsii;Brassicaceae;Brassicoideae;Brassicodae (II);Eutremeae;Eutrema;edwardsii;BrassiWood/Kasper Hendriks;302138-2;5375237;EUROPE;Subarctic to Tibet;perennial or rhizomatous geophyte;temperate;H;NA;Edwards' eutrema, Edwards' mock wallflower;NA;Y
S0417;Christolea crassifolia;Brassicaceae;Brassicoideae;Hesperodae (III);Euclidieae;Christolea;crassifolia;BrassiWood/Kasper Hendriks;281258-1;3044549;ASIA-TEMPERATE;Afghanistan to W. China and C. Nepal;perennial;temperate;H;NA;NA;NA;Y
S0419;Acirostrum alaschanicum;Brassicaceae;Brassicoideae;Arabodae (IV);Arabideae;Acirostrum;alaschanicum;BrassiWood/Kasper Hendriks;77122986-1;12306902;ASIA-TEMPERATE;N. & C. China;perennial;temperate;H;NA;NA;NA;Y
S0420;Teesdalia nudicaulis;Brassicaceae;Brassicoideae;Heliophilodae (V);Iberideae;Teesdalia;nudicaulis;BrassiWood/Kasper Hendriks;290314-1;3054168;EUROPE;Madeira, Europe, Morocco;annual;temperate;H;NA;bare-stemmed teesdalia, Bare-Stemmed Teesdalia, Barestem Teesdalia, common shepherd's-cress, Common Shepherd'S-Cress, Shepherd'S Cress, shepherd's-cress, Shepherd'S-Cress;Klein tasjeskruid;Y
S0421;Streptoloma desertorum;Brassicaceae;Brassicoideae;Hesperodae (III);Euclidieae;Streptoloma;desertorum;BrassiWood/Kasper Hendriks;290198-1;3041458;ASIA-TEMPERATE;NE. Iran to C. Asia and W. Afghanistan;annual;temperate;H;NA;NA;NA;Y
S0424;Spryginia winkleri;Brassicaceae;Brassicoideae;Hesperodae (III);Euclidieae;Spryginia;winkleri;BrassiWood/Kasper Hendriks;289990-1;3043037;ASIA-TEMPERATE;NE. Iran to C. Asia and Afghanistan;annual;temperate;H;NA;NA;NA;Y
S0427;Planodes virginicum;Brassicaceae;Brassicoideae;Camelinodae (I);Cardamineae;Planodes;virginicum;BrassiWood/Kasper Hendriks;1182133-2;5375347;NORTHERN AMERICA;C., E. & S. U.S.A. to Mexico (Baja California Norte);annual;temperate;H;NA;NA;NA;Y
S0428;Pycnoplinthus uniflora;Brassicaceae;Brassicoideae;Hesperodae (III);Euclidieae;Pycnoplinthus;uniflora;BrassiWood/Kasper Hendriks;288324-1;3041492;ASIA-TROPICAL;W. Himalaya;perennial;subalpine or subarctic;H;NA;NA;NA;Y
S0430;Physoptychis caspica;Brassicaceae;Brassicoideae;Arabodae (IV);Alysseae;Physoptychis;caspica;BrassiWood/Kasper Hendriks;288145-1;3047671;ASIA-TEMPERATE;SE. Türkiye to Iran;perennial or subshrub;temperate;H;NA;NA;NA;Y
S0435;Pachycladon novae-zelandiae;Brassicaceae;Brassicoideae;Camelinodae (I);Microlepidieae;Pachycladon;novae-zelandiae;BrassiWood/Kasper Hendriks;287899-1;5373410;AUSTRALASIA;New Zealand;NA;NA;H;NA;NA;NA;Y
S0436;Parolinia ornata;Brassicaceae;Brassicoideae;Heliophilodae (V);Anastaticeae;Parolinia;ornata;BrassiWood/Kasper Hendriks;287941-1;5377800;AFRICA;Canary Is. (Gran Canaria);shrub;subtropical;W;NA;NA;NA;Y
S0450;Anastatica hierochuntica;Brassicaceae;Brassicoideae;Heliophilodae (V);Anastaticeae;Anastatica;hierochuntica;BrassiWood/Kasper Hendriks;277878-1;3041976;AFRICA;Canary Is. (Fuertaventura), Sahara to Iraq and Arabian Pen., S. Iran to SW. Pakistan;annual;desert or dry shrubland;H;NA;NA;NA;Y
S0464;Fortuynia garcinii;Brassicaceae;Brassicoideae;Brassicodae (II);Brassiceae;Fortuynia;garcinii;BrassiWood/Kasper Hendriks;284477-1;5376240;ASIA-TEMPERATE;Iran to Pakistan;subshrub;desert or dry shrubland;W;NA;NA;NA;Y
S0478;Leiospora exscapa;Brassicaceae;Brassicoideae;Hesperodae (III);Euclidieae;Leiospora;exscapa;BrassiWood/Kasper Hendriks;20001828-1;3042136;ASIA-TEMPERATE;S. Siberia to Mongolia and W. Himalaya;perennial;subalpine or subarctic;H;NA;NA;NA;Y
S0509;Arabidella trisecta;Brassicaceae;Brassicoideae;Camelinodae (I);Microlepidieae;Arabidella;trisecta;BrassiWood/Kasper Hendriks;277935-1;3040450;AUSTRALASIA;C. & S. Australia;subshrub or shrub;desert or dry shrubland;W;NA;NA;NA;Y
S0512;Chaunanthus mexicanus;Brassicaceae;Brassicoideae;Brassicodae (II);Thelypodieae;Chaunanthus;mexicanus;BrassiWood/Kasper Hendriks;1153256-2;3042388;NORTHERN AMERICA;Mexico (Puebla);subshrub;seasonally dry tropical;W;NA;NA;NA;NA
S0521;Stanleya pinnata;Brassicaceae;Brassicoideae;Brassicodae (II);Thelypodieae;Stanleya;pinnata;BrassiWood/Kasper Hendriks;298794-2;5373733;NORTHERN AMERICA;W. & C. U.S.A. to N. Mexico;perennial, subshrub or shrub;temperate;W;NA;NA;NA;Y
S0547;Lepidium virginicum;Brassicaceae;Brassicoideae;Camelinodae (I);Lepidieae;Lepidium;virginicum;BrassiWood/Kasper Hendriks;138164-2;5376648;EUROPE;Canada to C. America, Caribbean;annual or biennial;temperate;H;NA;Least Pepperwort, Peppergrass, poor-man's pepper, Poor-Man'S Pepper, poor-man's peppergrass, Poor-Man'S Peppergrass, Poor-Man'S-Pepper, Poorman Pepperweed, Poorman'S Pepper, Poorman'S Pepperwort, Virginia Cress, Virginia Pepper Cress, Virginia peppergrass, Virginia Peppergrass, Virginia pepperweed, Virginia Pepperweed, Virginian Peppercress;Amerikaanse kruidkers;NA
S0552;Noccaea rotundifolia;Brassicaceae;Brassicoideae;Brassicodae (II);Coluteocarpeae;Noccaea;rotundifolia;BrassiWood/Kasper Hendriks;287784-1;3045243;EUROPE;E. France to Slovenia;subshrub;temperate;H;NA;NA;NA;Y
S0555;Lobularia maritima;Brassicaceae;Brassicoideae;Heliophilodae (V);Anastaticeae;Lobularia;maritima;BrassiWood/Kasper Hendriks;1085072-2;5373358;EUROPE;W. & C. Medit. to Sinai;annual or subshrub;temperate;H;ornamental;Sweet Alison;Zilverschildzaad;Y
S0558;Hornungia petraea;Brassicaceae;Brassicoideae;Camelinodae (I);Descurainieae;Hornungia;petraea;BrassiWood/Kasper Hendriks;285375-1;5376179;EUROPE;Europe to NW. Iraq, NW. Africa;annual;temperate;H;NA;NA;NA;Y
S0560;Biscutella didyma;Brassicaceae;Brassicoideae;Heliophilodae (V);Biscutelleae;Biscutella;didyma;BrassiWood/Kasper Hendriks;279004-1;3041843;EUROPE;C. & E. Medit.;annual;subtropical;H;NA;NA;NA;Y
S0562;Microthlaspi perfoliatum;Brassicaceae;Brassicoideae;Brassicodae (II);Coluteocarpeae;Microthlaspi;perfoliatum;BrassiWood/Kasper Hendriks;77148288-1;3050631;EUROPE;Europe to Xinjiang, N. Africa to N. Pakistan;annual;temperate;H;NA;clasping-leaved pennycress, perfoliate pennycress, thoroughwort pennycress;Doorgroeide boerenkers;Y
S0564;Pentadiplandra brazzeana;Pentadiplandraceae;NA;NA;NA;NA;NA;BrassiWood/Kasper Hendriks;NA;NA;NA;NA;NA;NA;NA;NA;NA;NA;NA
S0577;Heliophila elongata;Brassicaceae;Brassicoideae;Heliophilodae (V);Heliophileae;Heliophila;elongata;BrassiWood/Kasper Hendriks;284648-1;5374440;AFRICA;Cape Prov. to KwaZulu-Natal;subshrub;subtropical;W;NA;NA;NA;NA
S0583;Raphanus sativus;Brassicaceae;Brassicoideae;Brassicodae (II);Brassiceae;Raphanus;sativus;BrassiWood/Kasper Hendriks;77159305-1;7678610;EUROPE;a cultigen from Medit.;annual or biennial;temperate;H;crop;cultivated radish, garden radish;Tuinradijs;Y
S0590;Hirschfeldia incana;Brassicaceae;Brassicoideae;Brassicodae (II);Brassiceae;Hirschfeldia;incana;BrassiWood/Kasper Hendriks;285350-1;3050595;EUROPE;Medit. to Iran and Arabian Pen.;annual or biennial;temperate;H;NA;NA;Grijze mosterd;Y
S0591;Lepidium latifolium;Brassicaceae;Brassicoideae;Camelinodae (I);Lepidieae;Lepidium;latifolium;BrassiWood/Kasper Hendriks;286262-1;5376692;EUROPE;Temp. Eurasia, N. Africa to Arabian Pen.;perennial;temperate;H;NA;broad-leaved peppergrass, perennial peppergrass;Peperkers;Y
S0593;Nasturtium officinale;Brassicaceae;Brassicoideae;Camelinodae (I);Cardamineae;Nasturtium;officinale;BrassiWood/Kasper Hendriks;287534-1;7701037;EUROPE;Europe to C. Asia and Arabian Pen., Macaronesia, N. & NE. Trop. Africa;perennial or helophyte;temperate;H;crop;Watercress;Witte waterkers;Y
S0612;Oreophyton falcatum;Brassicaceae;Brassicoideae;Camelinodae (I);Oreophytoneae;Oreophyton;falcatum;BrassiWood/Kasper Hendriks;287876-1;3041509;AFRICA;Ethiopia to EC. & E. Trop. African Mts.;perennial;montane tropical;H;NA;NA;NA;Y
S0613;Noccidium hastulatum;Brassicaceae;Brassicoideae;Brassicodae (II);Coluteocarpeae;Noccidium;hastulatum;BrassiWood/Kasper Hendriks;287803-1;8620523;ASIA-TEMPERATE;SE. Transcaucasus to N. & C. Iran;annual;temperate;H;NA;NA;NA;Y
S0616;Meniocus linifolius;Brassicaceae;Brassicoideae;Arabodae (IV);Alysseae;Meniocus;linifolius;BrassiWood/Kasper Hendriks;287025-1;3045206;EUROPE;Medit. to SW. Siberia and Xinjiang;annual;temperate;H;NA;NA;NA;Y
S0617;Hemicrambe fruticulosa;Brassicaceae;Brassicoideae;Brassicodae (II);Brassiceae;Hemicrambe;fruticulosa;BrassiWood/Kasper Hendriks;284815-1;3048696;AFRICA;N. Morocco;NA;subtropical;W;NA;NA;NA;Y
S0620;Resetnikia triquetra;Brassicaceae;Brassicoideae;Arabodae (IV);Alysseae;Resetnikia;triquetra;BrassiWood/Kasper Hendriks;77152088-1;10753278;EUROPE;NW. Balkan Pen.;perennial or subshrub;temperate;H;NA;NA;NA;Y
S0624;Cymatocarpus pilosissimus;Brassicaceae;Brassicoideae;Hesperodae (III);Euclidieae;Cymatocarpus;pilosissimus;BrassiWood/Kasper Hendriks;281907-1;5373632;ASIA-TEMPERATE;N. Iran to Turkmenistan and NW. Afghanistan;annual;temperate;H;NA;NA;NA;Y
S0629;Chartoloma platycarpum;Brassicaceae;Brassicoideae;Brassicodae (II);Isatideae;Chartoloma;platycarpum;BrassiWood/Kasper Hendriks;280881-1;3042488;ASIA-TEMPERATE;C. Asia;annual;temperate;H;NA;NA;NA;Y
S0641;Neslia paniculata;Brassicaceae;Brassicoideae;Camelinodae (I);Camelineae;Neslia;paniculata;BrassiWood/Kasper Hendriks;287664-1;9040863;EUROPE;Europe to Russian Far East and N. China;annual;temperate;H;NA;Ball Mustard, ball-mustard, common ball-mustard, paniculate ball-mustard, yellow ball-mustard;Vinkenzaad;Y
S0642;Notoceras bicorne;Brassicaceae;Brassicoideae;Heliophilodae (V);Anastaticeae;Notoceras;bicorne;BrassiWood/Kasper Hendriks;287811-1;5374288;EUROPE;Canary Is., Mauritania, SE. Spain, N. Africa to W. Himalaya and Arabian Pen.;annual;desert or dry shrubland;H;NA;NA;NA;Y
S0643;Pennellia longifolia;Brassicaceae;Brassicoideae;Camelinodae (I);Halimolobeae;Pennellia;longifolia;BrassiWood/Kasper Hendriks;187066-2;3051382;NORTHERN AMERICA;Colorado to C. America;perennial;temperate;H;NA;NA;NA;Y
S0645;Tetracme quadricornis;Brassicaceae;Brassicoideae;Hesperodae (III);Euclidieae;Tetracme;quadricornis;BrassiWood/Kasper Hendriks;290334-1;5377813;ASIA-TEMPERATE;N. Iran to Mongolia;annual;temperate;H;NA;NA;NA;Y
S0647;Thysanocarpus curvipes;Brassicaceae;Brassicoideae;Brassicodae (II);Thelypodieae;Thysanocarpus;curvipes;BrassiWood/Kasper Hendriks;290797-1;3051417;NORTHERN AMERICA;W. Canada to Mexico (Baja California Norte, Sonora);annual;desert or dry shrubland;H;NA;lacepod mustard, sand fringepod, sand lacepod;NA;Y
S0654;Eremobium aegyptiacum;Brassicaceae;Brassicoideae;Heliophilodae (V);Anastaticeae;Eremobium;aegyptiacum;BrassiWood/Kasper Hendriks;20009473-1;3051168;AFRICA;E. Medit. to Arabian Pen., S. Iran to SW. Pakistan;annual or subshrub;desert or dry shrubland;H;NA;NA;NA;Y
S0655;Lachnocapsa spathulata;Brassicaceae;Brassicoideae;Heliophilodae (V);Anastaticeae;Lachnocapsa;spathulata;BrassiWood/Kasper Hendriks;285967-1;3046689;AFRICA;Socotra;subshrub;desert or dry shrubland;W;NA;NA;NA;Y
S0656;Micrantha multicaulis;Brassicaceae;Brassicoideae;Hesperodae (III);Anchonieae;Micrantha;multicaulis;BrassiWood/Kasper Hendriks;285102-1;5373619;ASIA-TEMPERATE;W. & S. Iran;perennial;temperate;H;NA;NA;NA;Y
S0657;Sterigmostemum incanum;Brassicaceae;Brassicoideae;Hesperodae (III);Anchonieae;Sterigmostemum;incanum;BrassiWood/Kasper Hendriks;290089-1;3042156;ASIA-TEMPERATE;C. & E. Türkiye to Iran and S. Turkmenistan;biennial;temperate;H;NA;NA;NA;Y
S0660;Ceratocnemum rapistroides;Brassicaceae;Brassicoideae;Brassicodae (II);Brassiceae;Ceratocnemum;rapistroides;BrassiWood/Kasper Hendriks;280868-1;3041950;AFRICA;Morocco;NA;subtropical;H;NA;NA;NA;Y
S0662;Enarthrocarpus arcuatus;Brassicaceae;Brassicoideae;Brassicodae (II);Brassiceae;Enarthrocarpus;arcuatus;BrassiWood/Kasper Hendriks;283231-1;3053949;EUROPE;W. Greece to E. Medit.;annual;subtropical;H;NA;NA;NA;Y
S0664;Erucaria hispanica;Brassicaceae;Brassicoideae;Brassicodae (II);Brassiceae;Erucaria;hispanica;BrassiWood/Kasper Hendriks;283447-1;5377678;EUROPE;E. Medit. to Iran and Arabian Pen.;annual or biennial;subtropical;H;NA;NA;NA;Y
S0667;Raffenaldia primuloides;Brassicaceae;Brassicoideae;Brassicodae (II);Brassiceae;Raffenaldia;primuloides;BrassiWood/Kasper Hendriks;288384-1;3041117;AFRICA;Morocco to W. Algeria;perennial;temperate;H;NA;NA;NA;Y
S0669;Schouwia purpurea;Brassicaceae;Brassicoideae;Brassicodae (II);Brassiceae;Schouwia;purpurea;BrassiWood/Kasper Hendriks;288873-1;5375907;AFRICA;Sahara to Jordan and Arabian Pen.;annual;desert or dry shrubland;H;NA;NA;NA;Y
S0670;Capsella bursa-pastoris;Brassicaceae;Brassicoideae;Camelinodae (I);Camelineae;Capsella;bursa-pastoris;BrassiWood/Kasper Hendriks;30092589-2;5375388;EUROPE;Temp. Eurasia, N. Africa;annual or biennial;temperate;H;scientific;common shepherd's purse, pickpocket, shepherd's purse;Herderstasje;Y
S0671;Armoracia rusticana;Brassicaceae;Brassicoideae;Camelinodae (I);Cardamineae;Armoracia;rusticana;BrassiWood/Kasper Hendriks;278747-1;3041022;EUROPE;S. Ukraine to S. European Russia;perennial;temperate;H;crop;common horseradish, horseradish;Mierik, Mierikswortel;Y
S0672;Rorippa sylvestris;Brassicaceae;Brassicoideae;Camelinodae (I);Cardamineae;Rorippa;sylvestris;BrassiWood/Kasper Hendriks;288692-1;3053376;EUROPE;Europe to Siberia and W. Himalaya;perennial or helophyte;temperate;H;NA;creeping yellowcress;Akkerkers;Y
S0673;Diptychocarpus strictus;Brassicaceae;Brassicoideae;Hesperodae (III);Chorisporeae;Diptychocarpus;strictus;BrassiWood/Kasper Hendriks;282259-1;3052559;EUROPE;S. European Russia to W. Himalaya and N. China;annual;temperate;H;NA;NA;NA;Y
S0677;Kotschyella stenocarpa;Brassicaceae;Brassicoideae;Brassicodae (II);Coluteocarpeae;Kotschyella;stenocarpa;BrassiWood/Kasper Hendriks;77148297-1;3052736;ASIA-TEMPERATE;Turkmenistan to Iran;perennial;temperate;H;NA;NA;NA;Y
S0688;Megacarpaea megalocarpa;Brassicaceae;Brassicoideae;Heliophilodae (V);Megacarpaeeae;Megacarpaea;megalocarpa;BrassiWood/Kasper Hendriks;287006-1;3051440;EUROPE;European Russia to Qinghai;perennial;temperate;H;NA;NA;NA;Y
S0689;Smelowskia alba;Brassicaceae;Brassicoideae;Camelinodae (I);Smelowskieae;Smelowskia;alba;BrassiWood/Kasper Hendriks;289869-1;3045563;ASIA-TEMPERATE;Siberia to Russian Far East and NE. China;perennial;temperate;H;NA;NA;NA;Y
S0690;Borodinia macrophylla;Brassicaceae;Brassicoideae;Camelinodae (I);Boechereae;Borodinia;macrophylla;BrassiWood/Kasper Hendriks;279182-1;5376188;ASIA-TEMPERATE;S. Siberia to C. Russian Far East;perennial;temperate;H;NA;NA;NA;Y
S0691;Farsetia aegyptia;Brassicaceae;Brassicoideae;Heliophilodae (V);Anastaticeae;Farsetia;aegyptia;BrassiWood/Kasper Hendriks;284373-1;3047968;AFRICA;Mauritania to Iraq and Arabian Pen.;subshrub or shrub;desert or dry shrubland;W;NA;NA;NA;Y
S0717;Stevenia alyssoides;Brassicaceae;Brassicoideae;Arabodae (IV);Stevenieae;Stevenia;alyssoides;BrassiWood/Kasper Hendriks;290095-1;5373607;ASIA-TEMPERATE;S. & E. Siberia to Mongolia;annual or biennial;subalpine or subarctic;H;NA;NA;NA;Y
S0718;Catolobus pendulus;Brassicaceae;Brassicoideae;Camelinodae (I);Camelineae;Catolobus;pendulus;BrassiWood/Kasper Hendriks;77069420-1;3688630;EUROPE;E. Europe to Japan;biennial;temperate;H;NA;NA;NA;Y
S0720;Pachyneurum grandiflorum;Brassicaceae;Brassicoideae;Arabodae (IV);Arabideae;Pachyneurum;grandiflorum;BrassiWood/Kasper Hendriks;287902-1;5373338;ASIA-TEMPERATE;S. Siberia to Mongolia and Xinjiang;perennial;subalpine or subarctic;H;NA;NA;NA;Y
S0721;Pseudoarabidopsis toxophylla;Brassicaceae;Brassicoideae;Unplaced;Unplaced;Pseudoarabidopsis;toxophylla;BrassiWood/Kasper Hendriks;1009844-1;3044557;EUROPE;Krym to SW. Siberia;biennial or perennial;temperate;H;NA;NA;NA;Y
S0722;Macropodium nivale;Brassicaceae;Brassicoideae;Arabodae (IV);Stevenieae;Macropodium;nivale;BrassiWood/Kasper Hendriks;286697-1;8213172;ASIA-TEMPERATE;S. Siberia to Mongolia;rhizomatous geophyte;temperate;H;NA;NA;NA;Y
S0724;Acuston lunarioides;Brassicaceae;Brassicoideae;Arabodae (IV);Alysseae;Acuston;lunarioides;BrassiWood/Kasper Hendriks;77175696-1;10902918;EUROPE;Aegean Is.;subshrub;subtropical;H;NA;NA;NA;Y
S0726;Eremophyton chevallieri;Brassicaceae;Brassicoideae;Brassicodae (II);Brassiceae;Eremophyton;chevallieri;BrassiWood/Kasper Hendriks;283257-1;3041452;AFRICA;N. Sahara;annual;desert or dry shrubland;H;NA;NA;NA;Y
S0727;Dryopetalon runcinatum;Brassicaceae;Brassicoideae;Brassicodae (II);Thelypodieae;Dryopetalon;runcinatum;BrassiWood/Kasper Hendriks;30220416-2;3049367;NORTHERN AMERICA;Arizona to Texas and N. Mexico;annual or biennial;desert or dry shrubland;H;NA;NA;NA;Y
S0728;Drabastrum alpestre;Brassicaceae;Brassicoideae;Camelinodae (I);Microlepidieae;Drabastrum;alpestre;BrassiWood/Kasper Hendriks;76855-3;3042143;AUSTRALASIA;SE. Australia (S. Dividing Range);subshrub or perennial;subalpine or subarctic;H;NA;NA;NA;Y
S0731;Crambe maritima;Brassicaceae;Brassicoideae;Brassicodae (II);Brassiceae;Crambe;maritima;BrassiWood/Kasper Hendriks;281657-1;5373533;EUROPE;Europe to Caucasus;perennial;temperate;H;NA;NA;Zeekool;Y
S0732;Clypeola jonthlaspi;Brassicaceae;Brassicoideae;Arabodae (IV);Alysseae;Clypeola;jonthlaspi;BrassiWood/Kasper Hendriks;281341-1;5375313;EUROPE;SC. Europe, Medit. to W. Pakistan and Arabian Pen.;annual;subtropical;H;NA;NA;NA;Y
S0733;Cardamine pratensis;Brassicaceae;Brassicoideae;Camelinodae (I);Cardamineae;Cardamine;pratensis;BrassiWood/Kasper Hendriks;45334-2;7972010;EUROPE;Greenland to NC. & NE. U.S.A., Azores, Temp. Eurasia, Ethiopia;perennial;temperate;H;NA;cuckoo flower, European field bittercress, lady's smock, meadow bittercress;Pinksterbloem;Y
S0734;Barbarea vulgaris;Brassicaceae;Brassicoideae;Camelinodae (I);Cardamineae;Barbarea;vulgaris;BrassiWood/Kasper Hendriks;29455-2;5708780;EUROPE;Europe, Medit. to Japan;biennial or perennial;temperate;H;NA;bitter wintercress, Bitter Wintercress, Bittercress, Common Winter-Cress, common wintercress, Common Wintercress, cress, Cress, cressy-greens, Cressy-Greens, garden yellow rocket, Garden Yellow Rocket, Garden Yellowrocket, Herb-Barbaras, Rocket Cress, Upland Cress, Winter Cress, Winter-Cress, Wintercress, yellow rocket, Yellow Rocket;Gewoon barbarakruid;Y
S0735;Aethionema saxatile;Brassicaceae;Aethionemoideae;NA;Aethionemeae;Aethionema;saxatile;BrassiWood/Kasper Hendriks;277234-1;7870683;EUROPE;EC. & S. Europe, E. Algeria;annual or subshrub;temperate;W;ornamental;Burnt candytuft;Steenkers;Y
S0738;Didymophysa fenestrata;Brassicaceae;Brassicoideae;Brassicodae (II);Thlaspideae;Didymophysa;fenestrata;BrassiWood/Kasper Hendriks;77186111-1;10817496;ASIA-TEMPERATE;C. Iran;subshrub;temperate;W;NA;NA;NA;Y
S0739;Odontarrhena obovata;Brassicaceae;Brassicoideae;Arabodae (IV);Alysseae;Odontarrhena;obovata;BrassiWood/Kasper Hendriks;287846-1;3044773;EUROPE;E. Europe to N. China;subshrub;temperate;H;NA;American alyssum, American madwort;NA;Y
S0740;Alyssum montanum;Brassicaceae;Brassicoideae;Arabodae (IV);Alysseae;Alyssum;montanum;BrassiWood/Kasper Hendriks;277653-1;3044912;EUROPE;France to SW. Germany;subshrub;temperate;W;NA;NA;Bergschildzaad;Y
S0741;Microlepidium pilosulum;Brassicaceae;Brassicoideae;Camelinodae (I);Microlepidieae;Microlepidium;pilosulum;BrassiWood/Kasper Hendriks;287088-1;5376113;AUSTRALASIA;Southern Australia;annual;NA;H;NA;NA;NA;Y
S0742;Robeschia schimperi;Brassicaceae;Brassicoideae;Camelinodae (I);Descurainieae;Robeschia;schimperi;BrassiWood/Kasper Hendriks;288602-1;3054105;ASIA-TEMPERATE;E. Medit. to W. Pakistan;annual;desert or dry shrubland;H;NA;NA;NA;Y
S0743;Cakile maritima;Brassicaceae;Brassicoideae;Brassicodae (II);Brassiceae;Cakile;maritima;BrassiWood/Kasper Hendriks;30179231-2;3048831;EUROPE;Macaronesia, European and Medit. coasts;perennial or subshrub;temperate;H;NA;European sea rocket;Zeeraket;Y
S0744;Graellsia saxifragifolia;Brassicaceae;Brassicoideae;Brassicodae (II);Thlaspideae;Graellsia;saxifragifolia;BrassiWood/Kasper Hendriks;284524-1;5376207;ASIA-TEMPERATE;Iran to Turkmenistan and Afghanistan;perennial or subshrub;temperate;H;NA;NA;NA;Y
S0745;Pseudocamelina glaucophylla;Brassicaceae;Brassicoideae;Brassicodae (II);Thlaspideae;Pseudocamelina;glaucophylla;BrassiWood/Kasper Hendriks;288210-1;3044380;ASIA-TEMPERATE;Iran;biennial or perennial;temperate;H;NA;NA;NA;Y
S0746;Ricotia lunaria;Brassicaceae;Brassicoideae;Heliophilodae (V);Biscutelleae;Ricotia;lunaria;BrassiWood/Kasper Hendriks;288594-1;3040556;ASIA-TEMPERATE;Lebanon to Sinai;annual;subtropical;H;NA;NA;NA;Y
S0747;Zahora ait-atta;Brassicaceae;Brassicoideae;Brassicodae (II);Brassiceae;Zahora;ait-atta;BrassiWood/Kasper Hendriks;77203326-1;10807048;AFRICA;Morocco;NA;subtropical;H;NA;NA;NA;Y
S0748;Degenia velebitica;Brassicaceae;Brassicoideae;Arabodae (IV);Alysseae;Degenia;velebitica;BrassiWood/Kasper Hendriks;281915-1;3043200;EUROPE;SW. Croatia;subshrub;temperate;H;NA;NA;NA;Y
S0751;Delpinophytum patagonicum;Brassicaceae;Brassicoideae;Unplaced;Unplaced;Delpinophytum;patagonicum;BrassiWood/Kasper Hendriks;77564-2;3043050;SOUTHERN AMERICA;Argentina (S. Chubut to Santa Cruz);subshrub;temperate;W;NA;NA;NA;Y
S0752;Otocarpus virgatus;Brassicaceae;Brassicoideae;Brassicodae (II);Brassiceae;Otocarpus;virgatus;BrassiWood/Kasper Hendriks;287892-1;3041181;AFRICA;Algeria;NA;subtropical;H;NA;NA;NA;Y
S0753;Menonvillea linearis;Brassicaceae;Brassicoideae;Heliophilodae (V);Cremolobeae;Menonvillea;linearis;BrassiWood/Kasper Hendriks;287058-1;3050960;SOUTHERN AMERICA;C. & S. Chile;perennial;temperate;H;NA;NA;NA;Y
S0754;Parodiodoxa chionophila;Brassicaceae;Brassicoideae;Brassicodae (II);Thelypodieae;Parodiodoxa;chionophila;BrassiWood/Kasper Hendriks;183535-2;3054153;SOUTHERN AMERICA;NW. Argentina;perennial or subshrub;subalpine or subarctic;H;NA;NA;NA;Y
S0756;Ladakiella klimesii;Brassicaceae;Brassicoideae;Camelinodae (I);Crucihimalayeae;Ladakiella;klimesii;BrassiWood/Kasper Hendriks;77109897-1;8011502;ASIA-TEMPERATE;W. Himalaya to Tibet;NA;subalpine or subarctic;H;NA;NA;NA;Y
S0757;Goldbachia laevigata;Brassicaceae;Brassicoideae;Brassicodae (II);Calepineae;Goldbachia;laevigata;BrassiWood/Kasper Hendriks;284506-1;5376058;EUROPE;SE. European Russia to Mongolia and Pakistan;annual;temperate;H;NA;NA;NA;Y
S0758;Callothlaspi lilacinum;Brassicaceae;Brassicoideae;Brassicodae (II);Coluteocarpeae;Callothlaspi;lilacinum;BrassiWood/Kasper Hendriks;77148280-1;3052709;ASIA-TEMPERATE;N. & EC. Türkiye;perennial;temperate;H;NA;NA;NA;Y
S0759;Sarcodraba karraikensis;Brassicaceae;Brassicoideae;Brassicodae (II);Thelypodieae;Sarcodraba;karraikensis;BrassiWood/Kasper Hendriks;288829-1;3050984;SOUTHERN AMERICA;Argentina (Santa Cruz);perennial;temperate;W;NA;NA;NA;Y
S0760;Scapiarabis saxicola;Brassicaceae;Brassicoideae;Arabodae (IV);Arabideae;Scapiarabis;saxicola;BrassiWood/Kasper Hendriks;77122982-1;10946384;ASIA-TEMPERATE;C. Asia to W. Himalaya;perennial;temperate;H;NA;NA;NA;Y
S0761;Shehbazia tibetica;Brassicaceae;Brassicoideae;Hesperodae (III);Shehbazieae;Shehbazia;tibetica;BrassiWood/Kasper Hendriks;77144612-1;11103722;ASIA-TEMPERATE;Tibet to China (Gansu);biennial;subalpine or subarctic;H;NA;NA;NA;Y
S0762;Tropidocarpum gracile;Brassicaceae;Brassicoideae;Camelinodae (I);Descurainieae;Tropidocarpum;gracile;BrassiWood/Kasper Hendriks;329361-2;3050498;NORTHERN AMERICA;California to Mexico (Baja California Norte);annual;desert or dry shrubland;H;NA;NA;NA;Y
S0763;Yosemitea repanda;Brassicaceae;Brassicoideae;Camelinodae (I);Boechereae;Yosemitea;repanda;BrassiWood/Kasper Hendriks;77130731-1;10988944;NORTHERN AMERICA;California to W. Nevada;perennial;temperate;H;NA;NA;NA;Y
S0764;Nerisyrenia linearifolia;Brassicaceae;Brassicoideae;Camelinodae (I);Physarieae;Nerisyrenia;linearifolia;BrassiWood/Kasper Hendriks;169612-2;3047261;NORTHERN AMERICA;SC. U.S.A. to NE. Mexico;perennial;desert or dry shrubland;H;NA;NA;NA;NA
S0765;Baimashania pulvinata;Brassicaceae;Brassicoideae;Arabodae (IV);Arabideae;Baimashania;pulvinata;BrassiWood/Kasper Hendriks;1018335-1;3046684;ASIA-TEMPERATE;China (NW. Yunnan: Baima Shan);perennial;subalpine or subarctic;H;NA;NA;NA;Y
S0766;Didymophysa aucheri;Brassicaceae;Brassicoideae;Brassicodae (II);Thlaspideae;Didymophysa;aucheri;BrassiWood/Kasper Hendriks;282121-1;5375291;ASIA-TEMPERATE;E. Türkiye to Caucasus and Iran;subshrub;subalpine or subarctic;H;NA;NA;NA;Y
S0768;Carrichtera annua;Brassicaceae;Brassicoideae;Brassicodae (II);Brassiceae;Carrichtera;annua;BrassiWood/Kasper Hendriks;280826-1;5375285;EUROPE;Canary Is., Medit. to Iran and Arabian Pen.;annual;subtropical;H;NA;NA;NA;Y
S0770;Botschantzevia karatavica;Brassicaceae;Brassicoideae;Arabodae (IV);Arabideae;Botschantzevia;karatavica;BrassiWood/Kasper Hendriks;279183-1;3050742;ASIA-TEMPERATE;C. Asia;NA;temperate;W;NA;NA;NA;Y
S0771;Ihsanalshehbazia granatensis;Brassicaceae;Brassicoideae;Brassicodae (II);Coluteocarpeae;Ihsanalshehbazia;granatensis;BrassiWood/Kasper Hendriks;NA;10791709;NA;NA;NA;NA;H;NA;NA;NA;Y
S0772;Foleyola billotii;Brassicaceae;Brassicoideae;Brassicodae (II);Brassiceae;Foleyola;billotii;BrassiWood/Kasper Hendriks;284473-1;3052567;AFRICA;NW. Africa;NA;desert or dry shrubland;W;NA;NA;NA;Y
S0795;Dendroarabis fruticulosa;Brassicaceae;Brassicoideae;Arabodae (IV);Arabideae;Dendroarabis;fruticulosa;BrassiWood/Kasper Hendriks;77069428-1;3688387;ASIA-TEMPERATE;C. Asia to S. Siberia and N. Pakistan;subshrub;temperate;W;NA;NA;NA;Y
S0809;Olimarabidopsis pumila;Brassicaceae;Brassicoideae;Camelinodae (I);Alyssopsideae;Olimarabidopsis;pumila;BrassiWood/Kasper Hendriks;1009840-1;3042459;EUROPE;Krym, Sinai to Mongolia and China (Gansu);annual;temperate;H;NA;NA;NA;Y
S0827;Dvorakia alaica;Brassicaceae;Brassicoideae;Hesperodae (III);Anchonieae;Dvorakia;alaica;BrassiWood/Kasper Hendriks;77205300-1;12314543;ASIA-TEMPERATE;C. Asia;NA;temperate;H;NA;NA;NA;NA
S0834;Abdra brachycarpa;Brassicaceae;Brassicoideae;Arabodae (IV);Arabideae;Abdra;brachycarpa;BrassiWood/Kasper Hendriks;277104-1;3049670;NORTHERN AMERICA;N., C. & SE. U.S.A.;annual;temperate;H;NA;NA;NA;Y
S0836;Tomostima reptans;Brassicaceae;Brassicoideae;Arabodae (IV);Arabideae;Tomostima;reptans;BrassiWood/Kasper Hendriks;77122976-1;7839918;NORTHERN AMERICA;N. America;annual or biennial;temperate;H;NA;Carolina draba, Carolina whitlowgrass, creeping draba, creeping whitlowgrass, white whitlowgrass;NA;Y
S0851;Diplotaxis harra;Brassicaceae;Brassicoideae;Brassicodae (II);Brassiceae;Diplotaxis;harra;BrassiWood/Kasper Hendriks;282186-1;5376405;EUROPE;N. Africa to N. Somalia and SW. Pakistan;subshrub;subtropical;W;NA;NA;NA;NA
S0888;Lepidotrichum uechtritzianum;Brassicaceae;Brassicoideae;Arabodae (IV);Alysseae;Lepidotrichum;uechtritzianum;BrassiWood/Kasper Hendriks;286475-1;3054029;EUROPE;E. Bulgaria to NW. & N. Türkiye;subshrub;temperate;H;NA;NA;NA;Y
S0890;Aethionema erinaceum;Brassicaceae;Aethionemoideae;NA;Aethionemeae;Aethionema;erinaceum;BrassiWood/Kasper Hendriks;77095101-1;3693658;ASIA-TEMPERATE;S. Iran;subshrub;temperate;W;NA;NA;NA;NA
S0892;Heliophila integrifolia;Brassicaceae;Brassicoideae;Heliophilodae (V);Heliophileae;Heliophila;integrifolia;BrassiWood/Kasper Hendriks;284587-1;5374316;AFRICA;Cape Prov.;annual;subtropical;H;NA;NA;NA;Y
S0893;Selenia aurea;Brassicaceae;Brassicoideae;Camelinodae (I);Cardamineae;Selenia;aurea;BrassiWood/Kasper Hendriks;288887-1;5375699;NORTHERN AMERICA;Kansas to Arkansas;annual;temperate;H;NA;NA;NA;Y
S0894;Parrya arctica;Brassicaceae;Brassicoideae;Hesperodae (III);Chorisporeae;Parrya;arctica;BrassiWood/Kasper Hendriks;303337-2;3053872;NORTHERN AMERICA;Subarctic America;subshrub;subalpine or subarctic;H;NA;arctic false wallflower;NA;Y
S0895;Phlegmatospermum cochlearinum;Brassicaceae;Brassicoideae;Camelinodae (I);Microlepidieae;Phlegmatospermum;cochlearinum;BrassiWood/Kasper Hendriks;288093-1;3050384;AUSTRALASIA;Southern Australia;annual;NA;H;NA;NA;NA;Y
S0896;Harmsiodoxa blennodioides;Brassicaceae;Brassicoideae;Camelinodae (I);Microlepidieae;Harmsiodoxa;blennodioides;BrassiWood/Kasper Hendriks;284569-1;3041953;AUSTRALASIA;Central to South East Australia;annual or subshrub;NA;H;NA;NA;NA;Y
S0897;Quidproquo confusum;Brassicaceae;Brassicoideae;Brassicodae (II);Brassiceae;Quidproquo;confusum;BrassiWood/Kasper Hendriks;907583-1;3041016;ASIA-TEMPERATE;S. Syria, Lebanon, Israel;annual;subtropical;H;NA;NA;NA;Y
S0899;Petiniotia purpurascens;Brassicaceae;Brassicoideae;Hesperodae (III);Anchonieae;Petiniotia;purpurascens;BrassiWood/Kasper Hendriks;288081-1;3051223;ASIA-TEMPERATE;C. & S. Iran to S. Pakistan;annual;desert or dry shrubland;H;NA;NA;NA;Y
S0901;Drabella muralis;Brassicaceae;Brassicoideae;Arabodae (IV);Arabideae;Drabella;muralis;BrassiWood/Kasper Hendriks;282843-1;5375971;EUROPE;Europe, Medit. to Caucasus;annual or biennial;temperate;H;NA;NA;Wit hongerbloempje;Y
S0902;Draba incana;Brassicaceae;Brassicoideae;Arabodae (IV);Arabideae;Draba;incana;BrassiWood/Kasper Hendriks;282687-1;3049770;EUROPE;C. & E. Canada to NC. & NE. U.S.A., Greenland, N. Europe, W. Alps, C. Pyrenees;biennial or perennial;subalpine or subarctic;H;NA;hoary whitlow-grass, twisted draba, twisted whitlow-grass;NA;Y
S0903;Dithyrea californica;Brassicaceae;Brassicoideae;Camelinodae (I);Physarieae;Dithyrea;californica;BrassiWood/Kasper Hendriks;30255887-2;3053543;NORTHERN AMERICA;SW. U.S.A. to NW. Mexico;annual;desert or dry shrubland;H;NA;NA;NA;Y
S0906;Rhizobotrya alpina;Brassicaceae;Brassicoideae;Brassicodae (II);Kernereae;Rhizobotrya;alpina;BrassiWood/Kasper Hendriks;288573-1;3040717;EUROPE;SE. Alps;perennial;temperate;H;NA;NA;NA;Y
S0941;Menkea australis;Brassicaceae;Brassicoideae;Camelinodae (I);Microlepidieae;Menkea;australis;BrassiWood/Kasper Hendriks;287029-1;3051194;AUSTRALASIA;Southern Australia;annual or subshrub;NA;H;NA;NA;NA;Y
S0946;Scambopus curvipes;Brassicaceae;Brassicoideae;Camelinodae (I);Microlepidieae;Scambopus;curvipes;BrassiWood/Kasper Hendriks;161610-3;3050737;AUSTRALASIA;Southern South of Australia;annual or subshrub;NA;H;NA;NA;NA;Y
S0947;Irenepharsus phasmatodes;Brassicaceae;Brassicoideae;Camelinodae (I);Microlepidieae;Irenepharsus;phasmatodes;BrassiWood/Kasper Hendriks;900126-1;3041059;AUSTRALASIA;South Australia;annual or biennial;NA;H;NA;NA;NA;Y
S0949;Pachymitus cardaminoides;Brassicaceae;Brassicoideae;Camelinodae (I);Microlepidieae;Pachymitus;cardaminoides;BrassiWood/Kasper Hendriks;154458-3;3040890;AUSTRALASIA;South Eastern Australia;annual;NA;H;NA;NA;NA;Y
S0951;Solms-laubachia pulcherrima;Brassicaceae;Brassicoideae;Hesperodae (III);Euclidieae;Solms-laubachia;pulcherrima;BrassiWood/Kasper Hendriks;289916-1;3112;ASIA-TEMPERATE;Tibet to China (Sichuan, Yunnan);perennial;subalpine or subarctic;H;NA;NA;NA;Y
S0952;Phyllolepidum rupestre;Brassicaceae;Brassicoideae;Arabodae (IV);Alysseae;Phyllolepidum;rupestre;BrassiWood/Kasper Hendriks;77117670-1;7292667;EUROPE;C. Italy, Balkan Pen.;subshrub;temperate;H;NA;NA;NA;Y
S0954;Douepea tortuosa;Brassicaceae;Brassicoideae;Brassicodae (II);Brassiceae;Douepea;tortuosa;BrassiWood/Kasper Hendriks;282302-1;3043821;ASIA-TROPICAL;W. Pakistan;subshrub;subtropical;W;NA;NA;NA;Y
S0956;Thlaspiceras rechingeri;Brassicaceae;Brassicoideae;Brassicodae (II);Coluteocarpeae;Thlaspiceras;rechingeri;BrassiWood/Kasper Hendriks;77148294-1;3052730;ASIA-TEMPERATE;S. Türkiye;biennial;temperate;H;NA;NA;NA;NA
S0957;Pugionium cornutum;Brassicaceae;Brassicoideae;Heliophilodae (V);Megacarpaeeae;Pugionium;cornutum;BrassiWood/Kasper Hendriks;288314-1;3042082;ASIA-TEMPERATE;N. China;annual;temperate;H;NA;NA;NA;Y
S0959;Neurotropis orbiculata;Brassicaceae;Brassicoideae;Brassicodae (II);Coluteocarpeae;Neurotropis;orbiculata;BrassiWood/Kasper Hendriks;77148285-1;8575396;ASIA-TEMPERATE;N. Türkiye to Caucasus;annual;temperate;H;NA;NA;NA;Y
S0960;Pseudosempervivum aucheri;Brassicaceae;Brassicoideae;Brassicodae (II);Coluteocarpeae;Pseudosempervivum;aucheri;BrassiWood/Kasper Hendriks;77203176-1;3042495;ASIA-TEMPERATE;E. Türkiye to Transcaucasus;biennial;temperate;H;NA;NA;NA;Y
S0963;Braya alpina;Brassicaceae;Brassicoideae;Hesperodae (III);Euclidieae;Braya;alpina;BrassiWood/Kasper Hendriks;279595-1;5373787;EUROPE;E. Alps;perennial;temperate;H;NA;NA;NA;Y
S0964;Masmenia rosularis;Brassicaceae;Brassicoideae;Brassicodae (II);Coluteocarpeae;Masmenia;rosularis;BrassiWood/Kasper Hendriks;77148296-1;3052673;ASIA-TEMPERATE;CS. Türkiye;biennial;temperate;H;NA;NA;NA;Y
S0989;Eudema calycina;Brassicaceae;Brassicoideae;Heliophilodae (V);Eudemeae;Eudema;calycina;BrassiWood/Kasper Hendriks;36284-2;0;SOUTHERN AMERICA;Peru to NW. Argentina;perennial;subalpine or subarctic;H;NA;NA;NA;Y
S1011;Sinapis alba;Brassicaceae;Brassicoideae;Brassicodae (II);Brassiceae;Sinapis;alba;BrassiWood/Kasper Hendriks;288952-1;3047621;EUROPE;Europe to China;annual;temperate;H;crop;White mustard;Witte mosterd/Gele mosterd;Y
S1021;Crambella teretifolia;Brassicaceae;Brassicoideae;Brassicodae (II);Brassiceae;Crambella;teretifolia;BrassiWood/Kasper Hendriks;281688-1;3041199;AFRICA;Morocco;NA;subtropical;H;NA;NA;NA;Y
S1038;Eudema rupestris;Brassicaceae;Brassicoideae;Heliophilodae (V);Eudemeae;Eudema;rupestris;BrassiWood/Kasper Hendriks;97981-2;5373107;SOUTHERN AMERICA;Ecuador (Mt. Assuay);perennial or subshrub;subalpine or subarctic;H;NA;NA;NA;Y
S1039;Englerocharis peruviana;Brassicaceae;Brassicoideae;Brassicodae (II);Thelypodieae;Englerocharis;peruviana;BrassiWood/Kasper Hendriks;91031-2;3051433;SOUTHERN AMERICA;Peru to Bolivia (La Paz);subshrub;montane tropical;H;NA;NA;NA;Y
S1040;Sibara angelorum;Brassicaceae;Brassicoideae;Brassicodae (II);Thelypodieae;Sibara;angelorum;BrassiWood/Kasper Hendriks;298826-2;3048033;NORTHERN AMERICA;Mexico (Baja California, Sonora);NA;desert or dry shrubland;H;NA;NA;NA;Y
S1043;Dactylocardamum imbricatifolium;Brassicaceae;Brassicoideae;Heliophilodae (V);Eudemeae;Dactylocardamum;imbricatifolium;BrassiWood/Kasper Hendriks;275636-2;3042986;SOUTHERN AMERICA;Peru (Cordillera Blanca);subshrub;montane tropical;W;NA;NA;NA;Y
S1044;Chilocardamum patagonicum;Brassicaceae;Brassicoideae;Brassicodae (II);Thelypodieae;Chilocardamum;patagonicum;BrassiWood/Kasper Hendriks;56474-2;3042992;SOUTHERN AMERICA;S. Argentina;perennial or subshrub;subtropical;H;NA;NA;NA;Y
S1045;Alshehbazia friesii;Brassicaceae;Brassicoideae;Heliophilodae (V);Eudemeae;Alshehbazia;friesii;BrassiWood/Kasper Hendriks;77222429-1;12315182;SOUTHERN AMERICA;S. Peru to NW. Argentina;subshrub;subalpine or subarctic;H;NA;NA;NA;NA
S1050;Phravenia viereckii;Brassicaceae;Brassicoideae;Brassicodae (II);Thelypodieae;Phravenia;viereckii;BrassiWood/Kasper Hendriks;77114376-1;8074535;NORTHERN AMERICA;S. Texas to NE. Mexico (to Puebla);annual;desert or dry shrubland;H;NA;NA;NA;Y
S1052;Paysonia lescurii;Brassicaceae;Brassicoideae;Camelinodae (I);Physarieae;Paysonia;lescurii;BrassiWood/Kasper Hendriks;1098982-2;3044413;NORTHERN AMERICA;Kentucky to Alabama;annual;temperate;H;NA;NA;NA;Y
S1053;Streptanthus maculatus;Brassicaceae;Brassicoideae;Brassicodae (II);Thelypodieae;Streptanthus;maculatus;BrassiWood/Kasper Hendriks;298980-2;3041546;NORTHERN AMERICA;Oklahoma to Arkansas and Texas;annual;temperate;H;NA;NA;NA;Y
S1069;Heliophila macra;Brassicaceae;Brassicoideae;Heliophilodae (V);Heliophileae;Heliophila;macra;BrassiWood/Kasper Hendriks;284703-1;5374385;AFRICA;SW. Cape Prov.;NA;subtropical;W;NA;NA;NA;NA
S1072;Hesperidanthus argillaceus;Brassicaceae;Brassicoideae;Brassicodae (II);Thelypodieae;Hesperidanthus;argillaceus;BrassiWood/Kasper Hendriks;60440667-2;3047777;NORTHERN AMERICA;Utah;perennial;temperate;H;NA;NA;NA;NA
S1074;Ricotia sinuata;Brassicaceae;Brassicoideae;Heliophilodae (V);Biscutelleae;Ricotia;sinuata;BrassiWood/Kasper Hendriks;288598-1;3040550;ASIA-TEMPERATE;S. Türkiye to Syria;annual;subtropical;H;NA;NA;NA;NA
S1077;Ricotia aucheri;Brassicaceae;Brassicoideae;Heliophilodae (V);Biscutelleae;Ricotia;aucheri;BrassiWood/Kasper Hendriks;288588-1;3040559;ASIA-TEMPERATE;E. Türkiye to Transcaucasus;perennial;temperate;H;NA;NA;NA;NA
S1083;Arabis kennedyae;Brassicaceae;Brassicoideae;Arabodae (IV);Arabideae;Arabis;kennedyae;BrassiWood/Kasper Hendriks;278332-1;5375066;ASIA-TEMPERATE;W. Cyprus;annual or biennial;temperate;H;NA;NA;NA;NA
S1089;Mathewsia foliosa;Brassicaceae;Brassicoideae;Heliophilodae (V);Schizopetaleae;Mathewsia;foliosa;BrassiWood/Kasper Hendriks;286837-1;5377656;SOUTHERN AMERICA;N. & C. Chile;subshrub;subtropical;H;NA;NA;NA;Y
S1093;Aimara rollinsii;Brassicaceae;Brassicoideae;Heliophilodae (V);Cremolobeae;Aimara;rollinsii;BrassiWood/Kasper Hendriks;77136045-1;10873249;SOUTHERN AMERICA;Chile (Antofagasta);subshrub;subalpine or subarctic;W;NA;NA;NA;Y
S1095;Atacama nivea;Brassicaceae;Brassicoideae;Unplaced;Unplaced;Atacama;nivea;BrassiWood/Kasper Hendriks;77147104-1;11000999;SOUTHERN AMERICA;N. Chile;subshrub;subalpine or subarctic;W;NA;NA;NA;Y
S1096;Mostacillastrum pectinifolium;Brassicaceae;Brassicoideae;Brassicodae (II);Thelypodieae;Mostacillastrum;pectinifolium;BrassiWood/Kasper Hendriks;77086134-1;3041210;SOUTHERN AMERICA;Peru to N. Chile;perennial;montane tropical;H;NA;NA;NA;NA
S1097;Ivania cremnophila;Brassicaceae;Brassicoideae;Brassicodae (II);Thelypodieae;Ivania;cremnophila;BrassiWood/Kasper Hendriks;130772-2;5374714;SOUTHERN AMERICA;Chile (Atacama);perennial;desert or dry shrubland;H;NA;NA;NA;Y
S1098;Neuontobotrys linearifolia;Brassicaceae;Brassicoideae;Brassicodae (II);Thelypodieae;Neuontobotrys;linearifolia;BrassiWood/Kasper Hendriks;60436425-2;3046731;SOUTHERN AMERICA;N. Chile;perennial;desert or dry shrubland;W;NA;NA;NA;Y
S1100;Aethionema maraschicum;Brassicaceae;Aethionemoideae;NA;Aethionemeae;Aethionema;maraschicum;BrassiWood/Kasper Hendriks;935534-1;3051163;ASIA-TEMPERATE;SC. Türkiye (Maras);subshrub;temperate;W;NA;NA;NA;NA
S1102;Cremolobus suffruticosus;Brassicaceae;Brassicoideae;Heliophilodae (V);Cremolobeae;Cremolobus;suffruticosus;BrassiWood/Kasper Hendriks;281706-1;3041486;SOUTHERN AMERICA;Peru;subshrub;subtropical;W;NA;NA;NA;NA
S1103;Plagioloba crenulata;Brassicaceae;Brassicoideae;Brassicodae (II);Plagiolobeae;Plagioloba;crenulata;BrassiWood/Kasper Hendriks;NA;3690132;NA;NA;NA;NA;H;NA;NA;NA;Y
S1106;Phlebolobium maclovianum;Brassicaceae;Brassicoideae;Brassicodae (II);Thelypodieae;Phlebolobium;maclovianum;BrassiWood/Kasper Hendriks;193311-2;3050493;ANTARCTICA;Falkland Is.;subshrub;temperate;H;NA;NA;NA;Y
S1107;Heliophila brachycarpa;Brassicaceae;Brassicoideae;Heliophilodae (V);Heliophileae;Heliophila;brachycarpa;BrassiWood/Kasper Hendriks;284600-1;5374493;AFRICA;Cape Prov.;scrambling shrub or tree;subtropical;W;NA;NA;NA;NA
S1110;Aurinia gionae;Brassicaceae;Brassicoideae;Arabodae (IV);Alysseae;Aurinia;gionae;BrassiWood/Kasper Hendriks;912137-1;5377777;EUROPE;NW. & C. Greece;subshrub;temperate;H;NA;NA;NA;NA
S1111;Cuprella homalocarpa;Brassicaceae;Brassicoideae;Arabodae (IV);Alysseae;Cuprella;homalocarpa;BrassiWood/Kasper Hendriks;77151974-1;10953266;AFRICA;Egypt to SW. Pakistan;annual;subtropical;H;NA;NA;NA;NA
S1113;Draba funckii;Brassicaceae;Brassicoideae;Arabodae (IV);Arabideae;Draba;funckii;BrassiWood/Kasper Hendriks;276050-2;3049433;SOUTHERN AMERICA;NW. Venezuela;subshrub;montane tropical;W;NA;NA;NA;NA
S1114;Diceratella floccosa;Brassicaceae;Brassicoideae;Heliophilodae (V);Anastaticeae;Diceratella;floccosa;BrassiWood/Kasper Hendriks;282093-1;5374697;ASIA-TEMPERATE;S. Iran to SW. Pakistan;subshrub;subtropical;W;NA;NA;NA;Y
S1116;Lemphoria humistrata;Brassicaceae;Brassicoideae;Camelinodae (I);Microlepidieae;Lemphoria;humistrata;BrassiWood/Kasper Hendriks;281894-1;12366755;AUSTRALASIA;C. New South Wales;annual;subtropical;H;NA;NA;NA;Y
S1117;Weberbauera densifolia;Brassicaceae;Brassicoideae;Brassicodae (II);Thelypodieae;Weberbauera;densifolia;BrassiWood/Kasper Hendriks;287015-2;3047745;SOUTHERN AMERICA;Bolivia to Argentina (Catamarca);NA;subtropical;H;NA;NA;NA;Y
S1118;Ivania cremnophila;Brassicaceae;Brassicoideae;Brassicodae (II);Thelypodieae;Ivania;cremnophila;BrassiWood/Kasper Hendriks;130772-2;5374714;SOUTHERN AMERICA;Chile (Atacama);perennial;desert or dry shrubland;H;NA;NA;NA;Y
S1119;Cremolobus suffruticosus;Brassicaceae;Brassicoideae;Heliophilodae (V);Cremolobeae;Cremolobus;suffruticosus;BrassiWood/Kasper Hendriks;281706-1;3041486;SOUTHERN AMERICA;Peru;subshrub;subtropical;W;NA;NA;NA;NA
S1120;Alyssum lassiticum;Brassicaceae;Brassicoideae;Arabodae (IV);Alysseae;Alyssum;lassiticum;BrassiWood/Kasper Hendriks;277585-1;3045074;EUROPE;E. Kriti (Dhikti);subshrub;temperate;W;NA;NA;NA;NA
S1121;Draba funckii;Brassicaceae;Brassicoideae;Arabodae (IV);Arabideae;Draba;funckii;BrassiWood/Kasper Hendriks;276050-2;3049433;SOUTHERN AMERICA;NW. Venezuela;subshrub;montane tropical;W;NA;NA;NA;NA
S1128;Eunomia oppositifolia;Brassicaceae;Brassicoideae;Brassicodae (II);Coluteocarpeae;Eunomia;oppositifolia;BrassiWood/Kasper Hendriks;77122964-1;5375579;ASIA-TEMPERATE;Lebanon;subshrub;temperate;H;NA;NA;NA;Y
S1129;Vania campylophylla;Brassicaceae;Brassicoideae;Brassicodae (II);Coluteocarpeae;Vania;campylophylla;BrassiWood/Kasper Hendriks;60466571-2;5375918;ASIA-TEMPERATE;Türkiye;NA;temperate;H;NA;NA;NA;Y
S1148;Aethionema acarii;Brassicaceae;Aethionemoideae;NA;Aethionemeae;Aethionema;acarii;BrassiWood/Kasper Hendriks;77249720-1;3051063;EUROPE;North Macedonia to EC. Greece;subshrub;temperate;H;NA;NA;NA;NA
S1168;Physorhynchus brahuicus;Brassicaceae;Brassicoideae;Brassicodae (II);Brassiceae;Physorhynchus;brahuicus;BrassiWood/Kasper Hendriks;288150-1;5375442;ASIA-TEMPERATE;S. Iran to Pakistan;subshrub or shrub;desert or dry shrubland;W;NA;NA;NA;Y
S1176;Odontarrhena tavolarae;Brassicaceae;Brassicoideae;Arabodae (IV);Alysseae;Odontarrhena;tavolarae;BrassiWood/Kasper Hendriks;77136316-1;11173188;EUROPE;Sardegna;subshrub;temperate;H;NA;NA;NA;NA
S1177;Parryodes axilliflora;Brassicaceae;Brassicoideae;Arabodae (IV);Arabideae;Parryodes;axilliflora;BrassiWood/Kasper Hendriks;278032-1;3046615;ASIA-TEMPERATE;S. Tibet to Bhutan;perennial;subalpine or subarctic;H;NA;NA;NA;Y
S1180;Aethionema munzurense;Brassicaceae;Aethionemoideae;NA;Aethionemeae;Aethionema;munzurense;BrassiWood/Kasper Hendriks;935535-1;3051047;ASIA-TEMPERATE;E. Türkiye (Tunceli);subshrub;temperate;W;NA;NA;NA;NA
S1181;Lepidium aretioides;Brassicaceae;Brassicoideae;Camelinodae (I);Lepidieae;Lepidium;aretioides;BrassiWood/Kasper Hendriks;77219362-1;12383331;ASIA-TEMPERATE;E. Afghanistan;subshrub;subtropical;W;NA;NA;NA;Y
S1182;Eigia longistyla;Brassicaceae;Brassicoideae;Heliophilodae (V);Anastaticeae;Eigia;longistyla;BrassiWood/Kasper Hendriks;283227-1;3048799;ASIA-TEMPERATE;Israel to Arabian Pen.;annual;desert or dry shrubland;H;NA;NA;NA;Y
S1184;Aethionema demirizii;Brassicaceae;Aethionemoideae;NA;Aethionemeae;Aethionema;demirizii;BrassiWood/Kasper Hendriks;935532-1;3051146;ASIA-TEMPERATE;SC. Türkiye;subshrub;subtropical;W;NA;NA;NA;NA
S1187;Clausia aprica (western group);Brassicaceae;Brassicoideae;Hesperodae (III);Dontostemoneae;Clausia;aprica;BrassiWood/Kasper Hendriks;NA;0;NA;NA;NA;NA;H;NA;NA;NA;NA
S1188;Clausia aprica (eastern group);Brassicaceae;Brassicoideae;Hesperodae (III);Dontostemoneae;Clausia;aprica;BrassiWood/Kasper Hendriks;NA;0;NA;NA;NA;NA;H;NA;NA;NA;NA
S1189;Friedrichkarlmeyeria umbellata;Brassicaceae;Brassicoideae;Brassicodae (II);Coluteocarpeae;Friedrichkarlmeyeria;umbellata;BrassiWood/Kasper Hendriks;77148300-1;11003006;ASIA-TEMPERATE;Caucasus to N. Iran;annual;temperate;H;NA;NA;NA;Y
S1201;Schrenkiella parvula;Brassicaceae;Brassicoideae;Brassicodae (II);Schrenkielleae;Schrenkiella;parvula;BrassiWood/Kasper Hendriks;77109906-1;7959676;EUROPE;SE. European Russia to C. Türkiye and Xinjiang;annual;temperate;H;NA;NA;NA;Y
S1204;Camelina sativa;Brassicaceae;Brassicoideae;Camelinodae (I);Camelineae;Camelina;sativa;BrassiWood/Kasper Hendriks;279870-1;9073641;EUROPE;SE. & E. Europe to Russian Far East;annual or biennial;temperate;H;NA;common false-flax, Dutch flax, gold-of-pleasure, large-seed false-flax;Huttentut, Vlas- en Zaadhuttentut;Y
S1208;Brassica oleracea (nominate);Brassicaceae;Brassicoideae;Brassicodae (II);Brassiceae;Brassica;oleracea;BrassiWood/Kasper Hendriks;279435-1;3042845;EUROPE;Atlantic coasts of Great Britain, France and Spain;biennial or subshrub;temperate;H;NA;NA;Wilde kool;Y
S1210;Aurinia saxatilis;Brassicaceae;Brassicoideae;Arabodae (IV);Alysseae;Aurinia;saxatilis;BrassiWood/Kasper Hendriks;278817-1;5377778;EUROPE;C. Europe to N. Balkan Pen.;subshrub;temperate;W;ornamental;basket of gold, gold dust, goldentuft, rock madwort;Rotsschildzaad;Y
S1211;Arabidopsis thaliana;Brassicaceae;Brassicoideae;Camelinodae (I);Arabidopsideae;Arabidopsis;thaliana;BrassiWood/Kasper Hendriks;277970-1;3052436;EUROPE;Temp. Eurasia to Trop. African Mts.;annual;temperate;H;scientific;Common Wall Cress, mouse-ear cress, Mouse-Ear Cress, Mouseear Cress, thale cress, Thale Cress, Thalius' cress, Thalius' Cress, wall cress, Wall Cress;Zandraket;Y
S1213;Heliophila filicaulis;Brassicaceae;Brassicoideae;Heliophilodae (V);Heliophileae;Heliophila;filicaulis;BrassiWood/Kasper Hendriks;284655-1;5374452;AFRICA;SW. Cape Prov.;subshrub or shrub;subtropical;W;NA;NA;NA;NA
S1214;Mummenhoffia alliacea;Brassicaceae;Brassicoideae;Brassicodae (II);Thlaspideae;Mummenhoffia;alliacea;BrassiWood/Kasper Hendriks;77186116-1;10944522;EUROPE;EC. & S. Europe to N. Türkiye;annual;temperate;H;NA;NA;NA;Y
S1220;Brassica villosa;Brassicaceae;Brassicoideae;Brassicodae (II);Brassiceae;Brassica;villosa;BrassiWood/Kasper Hendriks;279567-1;3042918;EUROPE;NW. Sicilia;subshrub;subtropical;H;NA;NA;NA;NA
S1221;Guenthera souliei;Brassicaceae;Brassicoideae;Brassicodae (II);Brassiceae;Guenthera;souliei;BrassiWood/Kasper Hendriks;279530-1;3053638;EUROPE;NW. Africa;annual;subtropical;H;NA;NA;NA;Y
S1223;Aethionema stenopterum;Brassicaceae;Aethionemoideae;NA;Aethionemeae;Aethionema;stenopterum;BrassiWood/Kasper Hendriks;982675-1;3051054;ASIA-TEMPERATE;Iran;subshrub;temperate;H;NA;NA;NA;NA
S1227;Boechera holboellii;Brassicaceae;Brassicoideae;Camelinodae (I);Boechereae;Boechera;holboellii;BrassiWood/Kasper Hendriks;1137585-2;8186428;NORTHERN AMERICA;Greenland;biennial or perennial;subalpine or subarctic;H;NA;Holboell's rockcress;NA;Y
S1229;Odontarrhena pterocarpa;Brassicaceae;Brassicoideae;Arabodae (IV);Alysseae;Odontarrhena;pterocarpa;BrassiWood/Kasper Hendriks;77152057-1;11036426;ASIA-TEMPERATE;SW. Türkiye;subshrub;temperate;W;NA;NA;NA;NA
S1230;Strigosella cabulica;Brassicaceae;Brassicoideae;Hesperodae (III);Euclidieae;Strigosella;cabulica;BrassiWood/Kasper Hendriks;290203-1;5373123;ASIA-TEMPERATE;Afghanistan to Pakistan;annual or biennial;temperate;H;NA;NA;NA;Y
S1232;Synstemon petrovii;Brassicaceae;Brassicoideae;Hesperodae (III);Euclidieae;Synstemon;petrovii;BrassiWood/Kasper Hendriks;290264-1;3040802;ASIA-TEMPERATE;N. China;annual;temperate;H;NA;NA;NA;Y
S1234;Iskandera hissarica;Brassicaceae;Brassicoideae;Hesperodae (III);Anchonieae;Iskandera;hissarica;BrassiWood/Kasper Hendriks;285889-1;3044435;ASIA-TEMPERATE;C. Asia;NA;temperate;W;NA;NA;NA;Y
S1235;Calymmatium draboides;Brassicaceae;Brassicoideae;Camelinodae (I);Alyssopsideae;Calymmatium;draboides;BrassiWood/Kasper Hendriks;279828-1;3047817;ASIA-TEMPERATE;Tadzhikistan (Pamir Mts.);annual;temperate;H;NA;NA;NA;Y
S1238;Leiocarpaea cochlearioides;Brassicaceae;Brassicoideae;Brassicodae (II);Calepineae;Leiocarpaea;cochlearioides;BrassiWood/Kasper Hendriks;279693-1;8374383;EUROPE;SE. European Russia to N. China;annual or biennial;temperate;H;NA;NA;NA;Y
S1239;Sisymbriopsis schugnana;Brassicaceae;Brassicoideae;Hesperodae (III);Euclidieae;Sisymbriopsis;schugnana;BrassiWood/Kasper Hendriks;289122-1;3047157;ASIA-TEMPERATE;C. Asia to Xinjiang;biennial;subalpine or subarctic;H;NA;NA;NA;Y
S1241;Atelanthera perpusilla;Brassicaceae;Brassicoideae;Hesperodae (III);Euclidieae;Atelanthera;perpusilla;BrassiWood/Kasper Hendriks;278765-1;3040466;ASIA-TEMPERATE;Afghanistan to C. Asia and W. Himalaya;annual;temperate;H;NA;NA;NA;Y
S1245;Parrya maidantalica;Brassicaceae;Brassicoideae;Hesperodae (III);Chorisporeae;Parrya;maidantalica;BrassiWood/Kasper Hendriks;287987-1;3053888;ASIA-TEMPERATE;C. Asia;NA;temperate;H;NA;NA;NA;NA
S1246;Parrya darvazica;Brassicaceae;Brassicoideae;Hesperodae (III);Chorisporeae;Parrya;darvazica;BrassiWood/Kasper Hendriks;287964-1;3053843;ASIA-TEMPERATE;C. Asia (Pamir Mts.);NA;subalpine or subarctic;W;NA;NA;NA;NA
S1249;Pterygostemon spathulatus;Brassicaceae;Brassicoideae;Arabodae (IV);Alysseae;Pterygostemon;spathulatus;BrassiWood/Kasper Hendriks;288280-1;3051683;ASIA-TEMPERATE;C. Asia to Xinjiang;NA;temperate;H;NA;NA;NA;Y
S1250;Microstigma deflexum;Brassicaceae;Brassicoideae;Hesperodae (III);Anchonieae;Microstigma;deflexum;BrassiWood/Kasper Hendriks;287104-1;5376093;ASIA-TEMPERATE;SW. Siberia to Mongolia;perennial;temperate;H;NA;NA;NA;Y
S1251;Cryptospora falcata;Brassicaceae;Brassicoideae;Hesperodae (III);Euclidieae;Cryptospora;falcata;BrassiWood/Kasper Hendriks;281884-1;5373592;ASIA-TEMPERATE;NE. Iran to W. Xinjiang;annual;temperate;H;NA;NA;NA;Y
S1258;Warea amplexifolia;Brassicaceae;Brassicoideae;Brassicodae (II);Thelypodieae;Warea;amplexifolia;BrassiWood/Kasper Hendriks;291085-1;5375488;NORTHERN AMERICA;Florida;annual;subtropical;H;NA;NA;NA;Y
S1260;Odontarrhena nebrodensis;Brassicaceae;Brassicoideae;Arabodae (IV);Alysseae;Odontarrhena;nebrodensis;BrassiWood/Kasper Hendriks;77136315-1;10684878;EUROPE;N. Sicilia;subshrub;temperate;W;NA;NA;NA;NA
S1261;Aethionema orbiculatum;Brassicaceae;Aethionemoideae;NA;Aethionemeae;Aethionema;orbiculatum;BrassiWood/Kasper Hendriks;277216-1;3051136;EUROPE;NE. Greece (Athos);subshrub;temperate;W;NA;NA;NA;NA
S1262;Alyssum taygeteum;Brassicaceae;Brassicoideae;Arabodae (IV);Alysseae;Alyssum;taygeteum;BrassiWood/Kasper Hendriks;277828-1;3044836;EUROPE;C. & S. Greece;subshrub;temperate;W;NA;NA;NA;NA
S1266;Irania pendula;Brassicaceae;Brassicoideae;Arabodae (IV);Alysseae;Irania;pendula;BrassiWood/Kasper Hendriks;285712-1;5376441;ASIA-TEMPERATE;Iran;subshrub;temperate;H;NA;NA;NA;NA
S1269;Irania multicaulis;Brassicaceae;Brassicoideae;Arabodae (IV);Alysseae;Irania;multicaulis;BrassiWood/Kasper Hendriks;285711-1;5376445;ASIA-TEMPERATE;NE. Iraq to Iran;subshrub;temperate;W;NA;NA;NA;NA
S1270;Vella castrilensis;Brassicaceae;Brassicoideae;Brassicodae (II);Brassiceae;Vella;castrilensis;BrassiWood/Kasper Hendriks;77067651-1;5375667;EUROPE;Spain;NA;NA;H;NA;NA;NA;NA
S1276;Leavenworthia aurea;Brassicaceae;Brassicoideae;Camelinodae (I);Cardamineae;Leavenworthia;aurea;BrassiWood/Kasper Hendriks;30447706-2;3047233;NORTHERN AMERICA;Oklahoma;annual;temperate;H;NA;NA;NA;Y
S1278;Sphaerocardamum nesliiforme;Brassicaceae;Brassicoideae;Camelinodae (I);Halimolobeae;Sphaerocardamum;nesliiforme;BrassiWood/Kasper Hendriks;289978-1;3041713;NORTHERN AMERICA;Mexico (Quer√©taro, Hidalgo);NA;subtropical;H;NA;NA;NA;Y
S1279;Exhalimolobos palmeri;Brassicaceae;Brassicoideae;Camelinodae (I);Halimolobeae;Exhalimolobos;palmeri;BrassiWood/Kasper Hendriks;60445056-2;3041172;NORTHERN AMERICA;NE. Mexico (to Jalisco);biennial;desert or dry shrubland;H;NA;NA;NA;Y
S1314;Moricandia arvensis;Brassicaceae;Brassicoideae;Brassicodae (II);Brassiceae;Moricandia;arvensis;BrassiWood/Kasper Hendriks;1085378-2;5376035;EUROPE;Canary Is., Medit. to Sahara;biennial or perennial;temperate;W;NA;NA;NA;Y
S1315;Berteroa incana;Brassicaceae;Brassicoideae;Arabodae (IV);Alysseae;Berteroa;incana;BrassiWood/Kasper Hendriks;278924-1;3053522;EUROPE;C. Europe to N. China;annual or perennial;temperate;H;NA;hoary alyssum, hoary false madwort, hoary false-alyssum;Grijskruid;Y
S1318;Chrysochamela velutina;Brassicaceae;Brassicoideae;Camelinodae (I);Camelineae;Chrysochamela;velutina;BrassiWood/Kasper Hendriks;281281-1;3044702;ASIA-TEMPERATE;E. Türkiye to Syria;annual;temperate;H;NA;NA;NA;NA
S1319;Polypsecadium harmsianum;Brassicaceae;Brassicoideae;Brassicodae (II);Thelypodieae;Polypsecadium;harmsianum;BrassiWood/Kasper Hendriks;207858-2;3047085;SOUTHERN AMERICA;Bolivia to NW. Argentina;annual or biennial;subalpine or subarctic;H;NA;NA;NA;Y
S1321;Synsepalum afzelii;Sapotaceae;NA;NA;NA;NA;NA;BrassiWood/Kasper Hendriks;NA;NA;NA;NA;NA;NA;NA;NA;NA;NA;NA
S1328;Hesperis matronalis;Brassicaceae;Brassicoideae;Hesperodae (III);Hesperideae;Hesperis;matronalis;BrassiWood/Kasper Hendriks;285087-1;3042291;EUROPE;S. France to Slovakia and Caucasus;biennial or perennial;temperate;H;ornamental;Damask-Violet, dame's rocket, Dame'S Rocket, dame's violet, Dame'S Violet, Dame'S-Violet, Dames Rocket, Dames Violet, mother-of-the-evening, Mother-Of-The-Evening, sweet rocket, Sweet Rocket;Damastbloem;Y
S1331;Pseuderucaria clavata;Brassicaceae;Brassicoideae;Brassicodae (II);Brassiceae;Pseuderucaria;clavata;BrassiWood/Kasper Hendriks;288202-1;3044713;AFRICA;Egypt to Israel;annual;desert or dry shrubland;H;NA;NA;NA;Y
S1332;Sisymbrium altissimum;Brassicaceae;Brassicoideae;Brassicodae (II);Sisymbrieae;Sisymbrium;altissimum;BrassiWood/Kasper Hendriks;289144-1;3046736;EUROPE;SE. & E. Europe to Siberia and W. Himalaya;annual;temperate;H;NA;Jim Hill mustard, tall hedge mustard, tall rocket, tall tumble mustard, tumble mustard, tumbleweed;Hongaarse raket;Y
S1336;Eutrema edwardsii;Brassicaceae;Brassicoideae;Brassicodae (II);Eutremeae;Eutrema;edwardsii;BrassiWood/Kasper Hendriks;302138-2;5375237;EUROPE;Subarctic to Tibet;perennial or rhizomatous geophyte;temperate;H;NA;Edwards' eutrema, Edwards' mock wallflower;NA;Y
S1339;Savignya parviflora;Brassicaceae;Brassicoideae;Brassicodae (II);Brassiceae;Savignya;parviflora;BrassiWood/Kasper Hendriks;288834-1;5376117;AFRICA;Algeria to SW. Pakistan;annual;subtropical;H;NA;NA;NA;Y
S1341;Teesdalia coronopifolia;Brassicaceae;Brassicoideae;Heliophilodae (V);Iberideae;Teesdalia;coronopifolia;BrassiWood/Kasper Hendriks;290309-1;3054156;EUROPE;Madeira, Medit.;annual;temperate;H;NA;NA;NA;NA
S1342;Teesdalia nudicaulis;Brassicaceae;Brassicoideae;Heliophilodae (V);Iberideae;Teesdalia;nudicaulis;BrassiWood/Kasper Hendriks;290314-1;3054168;EUROPE;Madeira, Europe, Morocco;annual;temperate;H;NA;bare-stemmed teesdalia, Bare-Stemmed Teesdalia, Barestem Teesdalia, common shepherd's-cress, Common Shepherd'S-Cress, Shepherd'S Cress, shepherd's-cress, Shepherd'S-Cress;Klein tasjeskruid;Y
S1354;Iberis fontqueri;Brassicaceae;Brassicoideae;Heliophilodae (V);Iberideae;Iberis;fontqueri;BrassiWood/Kasper Hendriks;285555-1;5377298;EUROPE;S. Spain;annual;subtropical;H;NA;NA;NA;NA
S1365;Rhammatophyllum pachyrhizum;Brassicaceae;Brassicoideae;Hesperodae (III);Euclidieae;Rhammatophyllum;pachyrhizum;BrassiWood/Kasper Hendriks;288567-1;3040770;ASIA-TEMPERATE;E. Kazakhstan;NA;temperate;W;NA;NA;NA;Y
S1366;Sobolewskia sibirica;Brassicaceae;Brassicoideae;Brassicodae (II);Thlaspideae;Sobolewskia;sibirica;BrassiWood/Kasper Hendriks;289912-1;3044663;EUROPE;Krym, Caucasus;perennial;temperate;H;NA;NA;NA;Y
S1368;Anzhengxia yechengnica;Brassicaceae;Brassicoideae;Hesperodae (III);Euclidieae;Anzhengxia;yechengnica;BrassiWood/Kasper Hendriks;77160334-1;11023434;ASIA-TEMPERATE;Xinjiang;annual or perennial;subalpine or subarctic;H;NA;NA;NA;Y
S1369;Boechera yorkii;Brassicaceae;Brassicoideae;Camelinodae (I);Boechereae;Boechera;yorkii;BrassiWood/Kasper Hendriks;60437310-2;3043450;NORTHERN AMERICA;California (Last Chance Mts.);perennial;subalpine or subarctic;H;NA;NA;NA;NA
S1370;Halimolobos lasiolobus;Brassicaceae;Brassicoideae;Camelinodae (I);Halimolobeae;Halimolobos;lasiolobus;BrassiWood/Kasper Hendriks;30235263-2;3047509;NORTHERN AMERICA;NE. Mexico;NA;desert or dry shrubland;H;NA;NA;NA;Y
S1371;Dipoma iberideum;Brassicaceae;Brassicoideae;Camelinodae (I);Hemilophieae;Dipoma;iberideum;BrassiWood/Kasper Hendriks;282252-1;3051349;ASIA-TEMPERATE;China (Sichuan, Yunnan);perennial;subalpine or subarctic;H;NA;NA;NA;Y
S1374;Asperuginoides axillaris;Brassicaceae;Brassicoideae;Arabodae (IV);Asperuginoideae;Asperuginoides;axillaris;BrassiWood/Kasper Hendriks;910044-1;3040790;ASIA-TEMPERATE;S. Transcaucasus to C. Asia and W. Himalaya;annual;temperate;H;NA;NA;NA;Y
S1375;Malcolmia maritima;Brassicaceae;Brassicoideae;Camelinodae (I);Malcolmieae;Malcolmia;maritima;BrassiWood/Kasper Hendriks;286774-1;5373124;EUROPE;W. Albania to W. Greece;annual;temperate;H;NA;NA;NA;Y
S1376;Thlaspi arvense;Brassicaceae;Brassicoideae;Brassicodae (II);Thlaspideae;Thlaspi;arvense;BrassiWood/Kasper Hendriks;290477-1;3052680;EUROPE;Temp. Eurasia;annual;temperate;H;NA;Bastard Cress, Common Penny-Cress, fanweed, Fanweed, Field Penny-Cress, field pennycress, Field Pennycress, Frenchweed, Mithridate Mustard, Pennycress, stinkweed, Stinkweed, Wild Garlic;Witte krodde;Y
S1378;Chamira circaeoides;Brassicaceae;Brassicoideae;Heliophilodae (V);Chamireae;Chamira;circaeoides;BrassiWood/Kasper Hendriks;280878-1;3042179;AFRICA;W. & SW. Cape Prov.;annual;subtropical;H;NA;NA;NA;Y
S1381;Arabidopsis halleri;Brassicaceae;Brassicoideae;Camelinodae (I);Arabidopsideae;Arabidopsis;halleri;BrassiWood/Kasper Hendriks;1106890-2;3052450;EUROPE;C. Europe to Ukraine;perennial;temperate;H;scientific;NA;NA;NA
S1384;Bretschneidera sinensis;Akaniaceae;NA;NA;NA;NA;NA;BrassiWood/Kasper Hendriks;NA;NA;NA;NA;NA;NA;NA;NA;NA;NA;NA
S1386;Capparicordis tweedieana;Capparaceae;NA;NA;NA;NA;NA;BrassiWood/Kasper Hendriks;NA;NA;NA;NA;NA;NA;NA;NA;NA;NA;NA
S1387;Capparicordis crotonoides;Capparaceae;NA;NA;NA;NA;NA;BrassiWood/Kasper Hendriks;NA;NA;NA;NA;NA;NA;NA;NA;NA;NA;NA
S1388;Capparis spinosa;Capparaceae;NA;NA;NA;NA;NA;BrassiWood/Kasper Hendriks;NA;NA;NA;NA;NA;NA;NA;NA;NA;NA;NA
S1389;Capparis tomentosa;Capparaceae;NA;NA;NA;NA;NA;BrassiWood/Kasper Hendriks;NA;NA;NA;NA;NA;NA;NA;NA;NA;NA;NA
S1398;Emblingia calceoliflora;Emblingiaceae;NA;NA;NA;NA;NA;BrassiWood/Kasper Hendriks;NA;NA;NA;NA;NA;NA;NA;NA;NA;NA;NA
S1400;Pachycladon fastigiatum;Brassicaceae;Brassicoideae;Camelinodae (I);Microlepidieae;Pachycladon;fastigiatum;BrassiWood/Kasper Hendriks;20010441-1;5552480;AUSTRALASIA;New Zealand South I.;NA;temperate;H;NA;NA;NA;NA
S1401;Coincya monensis;Brassicaceae;Brassicoideae;Brassicodae (II);Brassiceae;Coincya;monensis;BrassiWood/Kasper Hendriks;912252-1;3040600;EUROPE;W. Europe to W. Medit.;annual or perennial;temperate;H;NA;NA;NA;?
S1405;Bunias erucago;Brassicaceae;Brassicoideae;Hesperodae (III);Buniadeae;Bunias;erucago;BrassiWood/Kasper Hendriks;279698-1;3050357;EUROPE;Medit. to Switzerland;annual or biennial;temperate;H;NA;NA;Gevleugelde hardvrucht;Y
S1407;Descurainia sophia;Brassicaceae;Brassicoideae;Camelinodae (I);Descurainieae;Descurainia;sophia;BrassiWood/Kasper Hendriks;78248-2;3044318;EUROPE;Temp. Eurasia, N. Africa;annual or biennial;temperate;H;NA;flixweed, flixweed tansy mustard, herb Sophia;Sofiekruid;Y
S1408;Eruca vesicaria;Brassicaceae;Brassicoideae;Brassicodae (II);Brassiceae;Eruca;vesicaria;BrassiWood/Kasper Hendriks;1137625-2;5375920;EUROPE;Medit. to China and Arabian Pen.;annual;subtropical;H;crop;edible rocket, garden rocket, rocket-salad, salad rocket;Zwaardherik;Y
S1409;Irania umbellata;Brassicaceae;Brassicoideae;Arabodae (IV);Alysseae;Irania;umbellata;BrassiWood/Kasper Hendriks;285713-1;5376442;ASIA-TEMPERATE;NE. Iraq to Iran;subshrub;temperate;W;NA;NA;NA;Y
S1412;Orychophragmus violaceus;Brassicaceae;Brassicoideae;Brassicodae (II);Brassiceae;Orychophragmus;violaceus;BrassiWood/Kasper Hendriks;1075897-2;3041285;ASIA-TEMPERATE;N. & E. China to N. Korea;annual or biennial;temperate;H;NA;NA;NA;Y
S1417;Pringlea antiscorbutica;Brassicaceae;Brassicoideae;Brassicodae (II);Thelypodieae;Pringlea;antiscorbutica;BrassiWood/Kasper Hendriks;288189-1;7613516;ANTARCTICA;Kerguelen, Crozet Is., Marion I., Prince Edward I., Heard I., Macdonald I.;perennial or subshrub;temperate;W;edible;Kerguelen cabbage;Kerguelenkool;Y
S1419;Alliaria petiolata;Brassicaceae;Brassicoideae;Brassicodae (II);Thlaspideae;Alliaria;petiolata;BrassiWood/Kasper Hendriks;1176324-2;5376075;EUROPE;Europe to C. Asia and N. Myanmar, NW. Africa;annual or biennial;temperate;H;NA;garlic mustard, Garlic Mustard, hedge garlic, Hedge Garlic, Hedge-Garlic, Jack-By-The-Hedge;Look-zonder-look;Y
S1421;Rapistrum rugosum;Brassicaceae;Brassicoideae;Brassicodae (II);Brassiceae;Rapistrum;rugosum;BrassiWood/Kasper Hendriks;1061021-2;5373368;EUROPE;Macaronesia, Medit. to C. Asia and Iran, NE. Trop. Africa to Arabian Pen.;annual;temperate;H;NA;annual bastard cabbage, bastard cabbage, grenade, red mustard, turnip weed;Bolletjesraket;Y
S1422;Pachyphragma macrophyllum;Brassicaceae;Brassicoideae;Brassicodae (II);Thlaspideae;Pachyphragma;macrophyllum;BrassiWood/Kasper Hendriks;287903-1;5373292;EUROPE;E. Türkiye to Caucasus;perennial or rhizomatous geophyte;temperate;H;NA;NA;NA;Y
S1424;Stenopetalum lineare;Brassicaceae;Brassicoideae;Camelinodae (I);Microlepidieae;Stenopetalum;lineare;BrassiWood/Kasper Hendriks;290038-1;3042364;AUSTRALASIA;Australia;annual;desert or dry shrubland;H;NA;NA;NA;Y
S1428;Marcus-kochia littorea;Brassicaceae;Brassicoideae;Heliophilodae (V);Anastaticeae;Marcus-kochia;littorea;BrassiWood/Kasper Hendriks;77148311-1;11046740;EUROPE;Canary Is. to W. & S. Medit.;subshrub;subtropical;H;NA;NA;NA;Y
S1442;Henophyton deserti;Brassicaceae;Brassicoideae;Brassicodae (II);Brassiceae;Henophyton;deserti;BrassiWood/Kasper Hendriks;284821-1;3047663;AFRICA;N. Sahara;NA;desert or dry shrubland;W;NA;NA;NA;Y
S1449;Lysakia rostrata;Brassicaceae;Brassicoideae;Brassicodae (II);Thlaspideae;Lysakia;rostrata;BrassiWood/Kasper Hendriks;77186113-1;10836841;ASIA-TEMPERATE;Iran;annual;temperate;H;NA;NA;NA;Y
S1451;Dichasianthus subtilissimus;Brassicaceae;Brassicoideae;Hesperodae (III);Euclidieae;Dichasianthus;subtilissimus;BrassiWood/Kasper Hendriks;907911-1;3044542;ASIA-TEMPERATE;C. Asia;annual;temperate;H;NA;NA;NA;Y
S1458;Quezeliantha tibestica;Brassicaceae;Brassicoideae;Brassicodae (II);Brassiceae;Quezeliantha;tibestica;BrassiWood/Kasper Hendriks;911223-1;3041207;AFRICA;Chad (NW. Tibesti);biennial;desert or dry shrubland;H;NA;NA;NA;Y
S1459;Zuloagocardamum jujuyensis;Brassicaceae;Brassicoideae;Brassicodae (II);Thelypodieae;Zuloagocardamum;jujuyensis;BrassiWood/Kasper Hendriks;77143082-1;9197548;SOUTHERN AMERICA;Argentina (Jujuy);NA;subalpine or subarctic;H;NA;NA;NA;Y
S1460;Alyssopsis mollis;Brassicaceae;Brassicoideae;Camelinodae (I);Alyssopsideae;Alyssopsis;mollis;BrassiWood/Kasper Hendriks;277296-1;3049291;ASIA-TEMPERATE;SE. Transcaucasus to Iran;subshrub;temperate;H;NA;NA;NA;Y
S1462;Sinoarabis setosifolia;Brassicaceae;Brassicoideae;Arabodae (IV);Arabideae;Sinoarabis;setosifolia;BrassiWood/Kasper Hendriks;77122984-1;10936311;ASIA-TEMPERATE;Tibet;perennial;temperate;H;NA;NA;NA;Y
S1464;Hollermayera valdiviana;Brassicaceae;Brassicoideae;Brassicodae (II);Thelypodieae;Hollermayera;valdiviana;BrassiWood/Kasper Hendriks;123537-2;3050513;SOUTHERN AMERICA;SC. & S. Chile;perennial;temperate;H;NA;NA;NA;Y
S1474;Dilophia salsa;Brassicaceae;Brassicoideae;Hesperodae (III);Euclidieae;Dilophia;salsa;BrassiWood/Kasper Hendriks;282133-1;5375432;ASIA-TEMPERATE;C. Asia to China (Gansu) and Himalaya;biennial or perennial;subalpine or subarctic;H;NA;NA;NA;Y
S1475;Metashangrilaia forrestii;Brassicaceae;Brassicoideae;Hesperodae (III);Euclidieae;Metashangrilaia;forrestii;BrassiWood/Kasper Hendriks;77160336-1;10843746;ASIA-TEMPERATE;Bhutan to China (Sichuan, Yunnan);perennial or subshrub;subalpine or subarctic;H;NA;NA;NA;Y
S1481;Dictyophragmus englerianus;Brassicaceae;Brassicoideae;Brassicodae (II);Thelypodieae;Dictyophragmus;englerianus;BrassiWood/Kasper Hendriks;79990-2;3045611;SOUTHERN AMERICA;Peru (Arequipa);annual;seasonally dry tropical;H;NA;NA;NA;Y
S1488;Xerodraba lycopodioides;Brassicaceae;Brassicoideae;Heliophilodae (V);Eudemeae;Xerodraba;lycopodioides;BrassiWood/Kasper Hendriks;269507-2;3047220;SOUTHERN AMERICA;S. Chile to Argentina (Santa Cruz);subshrub;temperate;W;NA;NA;NA;Y
S1498;Arabis montbretiana;Brassicaceae;Brassicoideae;Arabodae (IV);Arabideae;Arabis;montbretiana;BrassiWood/Kasper Hendriks;278411-1;5374844;ASIA-TEMPERATE;E. Türkiye to C. Asia and Afghanistan;annual;temperate;H;NA;NA;NA;NA
S1506;Zilla spinosa;Brassicaceae;Brassicoideae;Brassicodae (II);Brassiceae;Zilla;spinosa;BrassiWood/Kasper Hendriks;291161-1;5376128;AFRICA;E. Medit. to Sudan and Iraq;subshrub or shrub;desert or dry shrubland;W;NA;NA;NA;Y
S1509;Mutarda arvensis;Brassicaceae;Brassicoideae;Brassicodae (II);Brassiceae;Mutarda;arvensis;BrassiWood/Kasper Hendriks;288569-1;3042984;EUROPE;Temp. Eurasia, N. Africa to Arabian Pen.;annual;temperate;H;NA;NA;NA;Y
S1519;Hormathophylla reverchonii;Brassicaceae;Brassicoideae;Arabodae (IV);Alysseae;Hormathophylla;reverchonii;BrassiWood/Kasper Hendriks;285371-1;3050678;EUROPE;SE. Spain (Sierra de Carzola area);subshrub;temperate;W;NA;NA;NA;Y
S1539;Litwinowia tenuissima;Brassicaceae;Brassicoideae;Hesperodae (III);Chorisporeae;Litwinowia;tenuissima;BrassiWood/Kasper Hendriks;286614-1;3040955;EUROPE;S. European Russia to SW. Siberia and Pakistan;annual;temperate;H;NA;NA;NA;Y
S1541;Ornithocarpa fimbriata;Brassicaceae;Brassicoideae;Camelinodae (I);Cardamineae;Ornithocarpa;fimbriata;BrassiWood/Kasper Hendriks;176490-2;3041455;NORTHERN AMERICA;Mexico (Jalisco, Michoac√°n);NA;subtropical;H;NA;NA;NA;Y
S1561;Lepidium arbuscula;Brassicaceae;Brassicoideae;Camelinodae (I);Lepidieae;Lepidium;arbuscula;BrassiWood/Kasper Hendriks;286044-1;5376908;PACIFIC;Hawaiian Is. (Oahu);subshrub or shrub;seasonally dry tropical;W;NA;NA;NA;NA
S1579;Notothlaspi rosulatum;Brassicaceae;Brassicoideae;Heliophilodae (V);Notothlaspideae;Notothlaspi;rosulatum;BrassiWood/Kasper Hendriks;287824-1;3043187;AUSTRALASIA;New Zealand South I.;biennial;temperate;H;NA;NA;NA;Y
SRR11470309;Sisymbrium irio;Brassicaceae;Brassicoideae;Brassicodae (II);Sisymbrieae;Sisymbrium;irio;BrassiToL/Luke Nikolov;237940-2;3046851;EUROPE;Europe to N. China and Himalaya, Sahara to N. & NE. Trop. Africa, Arabian Pen.;annual;temperate;H;NA;NA;Brede raket;NA
SRR11470320;Arabis alpina;Brassicaceae;Brassicoideae;Arabodae (IV);Arabideae;Arabis;alpina;BrassiToL/Luke Nikolov;277992-1;5375020;EUROPE;N. & C. Europe to WC. Siberia, N. & E. Canada to Greenland;subshrub;temperate;H;ornamental, scientific;alpine rockcress;Alpenscheefkelk;Y
SRR6441723;Sinalliaria limprichtiana;Brassicaceae;Brassicoideae;Brassicodae (II);Brassiceae;Sinalliaria;limprichtiana;BrassiToL/Luke Nikolov;77143913-1;11084852;ASIA-TEMPERATE;China (SE. Anhui, Zhejiang);annual or perennial;temperate;H;NA;NA;NA;Y
SRR8528336;Peltaria alliacea;Brassicaceae;Brassicoideae;Brassicodae (II);Thlaspideae;Peltaria;alliacea;BrassiToL/Luke Nikolov;288039-1;3052632;EUROPE;E. Austria to Romania;subshrub;temperate;H;crop;Garlic cress;Knoflookmosterd;Y
SRR8528338;Heldreichia bupleurifolia;Brassicaceae;Brassicoideae;Heliophilodae (V);Biscutelleae;Heldreichia;bupleurifolia;BrassiToL/Luke Nikolov;284577-1;3041503;ASIA-TEMPERATE;C. & S. Türkiye to Israel;perennial or rhizomatous geophyte;temperate;H;NA;NA;NA;Y
SRR8528339;Dontostemon integrifolius;Brassicaceae;Brassicoideae;Hesperodae (III);Dontostemoneae;Dontostemon;integrifolius;BrassiToL/Luke Nikolov;1126736-2;3052600;ASIA-TEMPERATE;S. Siberia to China;annual or biennial;temperate;H;NA;NA;NA;Y
SRR8528341;Fourraea alpina;Brassicaceae;Brassicoideae;Brassicodae (II);Fourraeeae;Fourraea;alpina;BrassiToL/Luke Nikolov;290898-1;5376286;EUROPE;C. & S. Europe;perennial;temperate;H;NA;NA;NA;Y
SRR8528342;Geococcus pusillus;Brassicaceae;Brassicoideae;Camelinodae (I);Microlepidieae;Geococcus;pusillus;BrassiToL/Luke Nikolov;284489-1;5376079;AUSTRALASIA;S. & SE. Australia to Tasmania (King I.);annual;desert or dry shrubland;H;NA;NA;NA;Y
SRR8528343;Crucihimalaya himalaica;Brassicaceae;Brassicoideae;Camelinodae (I);Crucihimalayeae;Crucihimalaya;himalaica;BrassiToL/Luke Nikolov;1009835-1;3041702;ASIA-TEMPERATE;Afghanistan to China (Sichuan, Yunnan);annual, biennial or perennial;temperate;H;NA;NA;NA;Y
SRR8528347;Neotorularia torulosa;Brassicaceae;Brassicoideae;Hesperodae (III);Euclidieae;Neotorularia;torulosa;BrassiToL/Luke Nikolov;943551-1;3047352;EUROPE;SE. Spain, SE. Krym, N. Africa to Xinjiang and Arabian Pen.;annual;temperate;H;NA;NA;NA;Y
SRR8528350;Murbeckiella pinnatifida;Brassicaceae;Brassicoideae;Camelinodae (I);Oreophytoneae;Murbeckiella;pinnatifida;BrassiToL/Luke Nikolov;287186-1;3048749;EUROPE;Pyrenees, WC. Alps;perennial;temperate;H;NA;NA;NA;Y
SRR8528354;Matthiola incana;Brassicaceae;Brassicoideae;Hesperodae (III);Anchonieae;Matthiola;incana;BrassiToL/Luke Nikolov;286910-1;5377378;EUROPE;Spain to Greece;subshrub or shrub;temperate;W;ornamental;Brompton stock, common stock, gilliflower, gillyflower, hoary stock, ten-weeks stock;Violier;Y
SRR8528356;Subularia aquatica;Brassicaceae;Brassicoideae;Heliophilodae (V);Subularieae;Subularia;aquatica;BrassiToL/Luke Nikolov;290258-1;5373421;EUROPE;Subarctic & Temp. Northern Hemisphere;annual;temperate;H;NA;awlwort, water awlwort;Priemkruid;Y
SRR8528357;Turritis glabra;Brassicaceae;Brassicoideae;Camelinodae (I);Turritideae;Turritis;glabra;BrassiToL/Luke Nikolov;290916-1;5376000;EUROPE;Temp. Northern Hemisphere to Trop. Mts.;biennial or perennial;temperate;H;NA;NA;Torenkruid;Y
SRR8528358;Veselskya griffithiana;Brassicaceae;Brassicoideae;Hesperodae (III);Anchonieae;Veselskya;griffithiana;BrassiToL/Luke Nikolov;291003-1;3047959;ASIA-TEMPERATE;S. Afghanistan;annual;temperate;H;NA;NA;NA;Y
SRR8528359;Yinshania acutangula;Brassicaceae;Brassicoideae;Camelinodae (I);Yinshanieae;Yinshania;acutangula;BrassiToL/Luke Nikolov;944272-1;3051250;ASIA-TEMPERATE;N. & C. China;annual;temperate;H;NA;NA;NA;Y
SRR8528361;Sisymbrium aegyptiacum;Brassicaceae;Brassicoideae;Brassicodae (II);Sisymbrieae;Sisymbrium;aegyptiacum;BrassiToL/Luke Nikolov;77229520-1;3689728;AFRICA;N. Africa to N. Somalia and SW. Pakistan;subshrub;subtropical;H;NA;NA;NA;NA
SRR8528364;Cremolobus peruvianus;Brassicaceae;Brassicoideae;Heliophilodae (V);Cremolobeae;Cremolobus;peruvianus;BrassiToL/Luke Nikolov;281699-1;3041482;SOUTHERN AMERICA;W. South America;perennial;subtropical;W;NA;NA;NA;Y
SRR8528365;Iljinskaea planisiliqua;Brassicaceae;Brassicoideae;Brassicodae (II);Isatideae;Iljinskaea;planisiliqua;BrassiToL/Luke Nikolov;77219034-1;12386577;EUROPE;NW. Greece, SW. Bulgaria, C. Türkiye to Mongolia and Pakistan;annual;temperate;H;NA;NA;NA;Y
SRR8528370;Chorispora tenella;Brassicaceae;Brassicoideae;Hesperodae (III);Chorisporeae;Chorispora;tenella;BrassiToL/Luke Nikolov;281254-1;3044349;EUROPE;SE. & E. Europe to China;annual;temperate;H;NA;blue mustard, common blue mustard, crossflower;NA;Y
SRR8528372;Conringia orientalis;Brassicaceae;Brassicoideae;Brassicodae (II);Conringieae;Conringia;orientalis;BrassiToL/Luke Nikolov;60455373-2;3040913;EUROPE;C. Europe, C. Medit. to W. Pakistan;annual;temperate;H;NA;NA;Witte steenraket;Y
SRR8528373;Cochlearia officinalis;Brassicaceae;Brassicoideae;Unplaced;Cochlearieae;Cochlearia;officinalis;BrassiToL/Luke Nikolov;281469-1;5373276;EUROPE;N. & W. Europe;biennial or perennial;temperate;H;NA;NA;Echt lepelblad;Y
SRR8528376;Hemilophia rockii;Brassicaceae;Brassicoideae;Camelinodae (I);Hemilophieae;Hemilophia;rockii;BrassiToL/Luke Nikolov;284818-1;3047953;ASIA-TEMPERATE;China (SW. Sichuan, E. Yunnan);perennial or rhizomatous geophyte;subalpine or subarctic;H;NA;NA;NA;?
SRR8528379;Kernera saxatilis;Brassicaceae;Brassicoideae;Brassicodae (II);Kernereae;Kernera;saxatilis;BrassiToL/Luke Nikolov;941444-1;5374828;EUROPE;N. & E. Spain to Romania;perennial;temperate;H;NA;NA;NA;Y
SRR8528380;Isatis tinctoria;Brassicaceae;Brassicoideae;Brassicodae (II);Isatideae;Isatis;tinctoria;BrassiToL/Luke Nikolov;285873-1;5374118;EUROPE;SE. & E. Europe;biennial;temperate;H;crop;asp-of-Jerusalem, dyer's woad;Wede;Y
SRR8528381;Idahoa scapigera;Brassicaceae;Brassicoideae;Heliophilodae (V);Subularieae;Idahoa;scapigera;BrassiToL/Luke Nikolov;127640-2;3054087;NORTHERN AMERICA;SW. Canada to W. U.S.A.;annual;temperate;H;NA;flatpod, old-stem idahoa, scalepod, scapose scalepod;NA;Y
SRR8528382;Lunaria rediviva;Brassicaceae;Brassicoideae;Heliophilodae (V);Biscutelleae;Lunaria;rediviva;BrassiToL/Luke Nikolov;286670-1;5373322;EUROPE;Europe;perennial;temperate;H;ornamental;Perennial honesty;Wilde judaspenning;Y
SRR8528384;Pseudoturritis turrita;Brassicaceae;Brassicoideae;Arabodae (IV);Arabideae;Pseudoturritis;turrita;BrassiToL/Luke Nikolov;77069422-1;3042086;EUROPE;C. & S. Europe to Caucasus, Algeria;biennial or perennial;temperate;H;NA;NA;Torenscheefkelk;Y
SRR8528385;Scoliaxon mexicanus;Brassicaceae;Brassicoideae;Heliophilodae (V);Asteae;Scoliaxon;mexicanus;BrassiToL/Luke Nikolov;288880-1;3048824;NORTHERN AMERICA;NE. Mexico;NA;desert or dry shrubland;H;NA;NA;NA;Y
SRR8528386;Bivonaea lutea;Brassicaceae;Brassicoideae;Brassicodae (II);Brassiceae;Bivonaea;lutea;BrassiToL/Luke Nikolov;279142-1;3051456;EUROPE;C. Medit.;annual;subtropical;H;NA;NA;NA;Y
SRR8528388;Raphanorhyncha crassa;Brassicaceae;Brassicoideae;Brassicodae (II);Thelypodieae;Raphanorhyncha;crassa;BrassiToL/Luke Nikolov;217824-2;3688146;NORTHERN AMERICA;Mexico (Chihuahua);NA;desert or dry shrubland;H;NA;NA;NA;Y
SRR8528389;Hurkaea josiae;Brassicaceae;Brassicoideae;Brassicodae (II);Fourraeeae;Hurkaea;josiae;BrassiToL/Luke Nikolov;278315-1;12296494;AFRICA;Morocco;NA;temperate;H;NA;NA;NA;NA
SRR8528391;Andrzeiowskia cardamine;Brassicaceae;Brassicoideae;Camelinodae (I);Cardamineae;Andrzeiowskia;cardamine;BrassiToL/Luke Nikolov;277897-1;3048803;EUROPE;Bulgaria to W. Caucasus and W. Syria;annual;temperate;H;NA;NA;NA;Y
SRR8528394;Asta schaffneri;Brassicaceae;Brassicoideae;Heliophilodae (V);Asteae;Asta;schaffneri;BrassiToL/Luke Nikolov;22986-2;5373311;NORTHERN AMERICA;Mexico (San Luis Potos√≠);subshrub;subtropical;H;NA;NA;NA;NA
SRR8528397;Schizopetalon walkeri;Brassicaceae;Brassicoideae;Heliophilodae (V);Schizopetaleae;Schizopetalon;walkeri;BrassiToL/Luke Nikolov;30235735-2;3050337;SOUTHERN AMERICA;NC. Chile;annual;subtropical;H;NA;NA;NA;Y
SRR8528398;Sisymbrium leucocladum;Brassicaceae;Brassicoideae;Brassicodae (II);Sisymbrieae;Sisymbrium;leucocladum;BrassiToL/Luke Nikolov;77176542-1;11016857;ASIA-TEMPERATE;Iran;perennial;subtropical;H;NA;NA;NA;NA
SRR8528399;Ricotia cretica;Brassicaceae;Brassicoideae;Heliophilodae (V);Biscutelleae;Ricotia;cretica;BrassiToL/Luke Nikolov;288591-1;3040558;EUROPE;Kriti;annual;subtropical;H;NA;NA;NA;NA
SRR8528400;Petrocallis pyrenaica;Brassicaceae;Brassicoideae;Brassicodae (II);Kernereae;Petrocallis;pyrenaica;BrassiToL/Luke Nikolov;1198948-2;3050750;EUROPE;Pyrenees, Alps, Carpathians;subshrub;subalpine or subarctic;H;NA;NA;NA;Y